ref_number,source
0,https://waterboards.ca.gov/water_issues/programs/tmdl/records/state_board/2005/ref0.pdf
5,https://waterboards.ca.gov/water_issues/programs/tmdl/records/state_board/2006/ref5.pdf
11,https://waterboards.ca.gov/water_issues/programs/tmdl/records/state_board/2006/ref11.pdf
28,https://waterboards.ca.gov/water_issues/programs/tmdl/records/region_1/2006/ref28.pdf
36,https://waterboards.ca.gov/water_issues/programs/tmdl/records/region_1/2006/ref36.zip
44,https://waterboards.ca.gov/water_issues/programs/tmdl/records/region_1/2004/ref44.pdf
46,https://waterboards.ca.gov/water_issues/programs/tmdl/records/region_1/2004/ref46.zip
50,https://waterboards.ca.gov/water_issues/programs/tmdl/records/region_1/2004/ref50.pdf
65,https://waterboards.ca.gov/water_issues/programs/tmdl/records/state_board/2006/ref65.zip
115,https://waterboards.ca.gov/water_issues/programs/tmdl/records/region_6/2004/ref115.zip
129,https://waterboards.ca.gov/water_issues/programs/tmdl/records/region_4/2006/ref129.pdf
144,https://waterboards.ca.gov/water_issues/programs/tmdl/records/region_5/2006/ref144.pdf
152,https://waterboards.ca.gov/water_issues/programs/tmdl/records/region_5/2006/ref152.zip
165,https://waterboards.ca.gov/water_issues/programs/tmdl/records/region_6/2001/ref165.pdf
180,https://waterboards.ca.gov/water_issues/programs/tmdl/records/region_6/2006/ref180.pdf
187,https://waterboards.ca.gov/water_issues/programs/tmdl/records/region_6/2006/ref187.zip
189,https://waterboards.ca.gov/water_issues/programs/tmdl/records/region_6/2006/ref189.pdf
428,https://waterboards.ca.gov/water_issues/programs/tmdl/records/region_1/2006/ref428.zip
429,https://waterboards.ca.gov/water_issues/programs/tmdl/records/region_1/2006/ref429.zip
433,https://waterboards.ca.gov/water_issues/programs/tmdl/records/region_8/2006/ref433.pdf
447,https://waterboards.ca.gov/water_issues/programs/tmdl/records/region_6/2006/ref447.pdf
449,https://waterboards.ca.gov/water_issues/programs/tmdl/records/state_board/2006/ref449.pdf
465,https://waterboards.ca.gov/water_issues/programs/tmdl/records/region_5/2006/ref465.pdf
495,https://waterboards.ca.gov/water_issues/programs/tmdl/records/region_3/2006/ref495.pdf
506,https://waterboards.ca.gov/water_issues/programs/tmdl/records/state_board/2006/ref506.zip
508,https://waterboards.ca.gov/water_issues/programs/tmdl/records/region_8/2006/ref508.pdf
509,https://waterboards.ca.gov/water_issues/programs/tmdl/records/region_9/2006/ref509.pdf
520,https://waterboards.ca.gov/water_issues/programs/tmdl/records/region_5/2006/ref520.zip
521,https://waterboards.ca.gov/water_issues/programs/tmdl/records/region_5/2006/ref521.zip
622,https://waterboards.ca.gov/water_issues/programs/tmdl/records/state_board/2006/ref622.pdf
735,https://waterboards.ca.gov/water_issues/programs/tmdl/records/state_board/2006/ref735.zip
861,https://waterboards.ca.gov/water_issues/programs/tmdl/records/region_9/2003/ref861.pdf
868,https://waterboards.ca.gov/water_issues/programs/tmdl/records/state_board/2003/ref868.pdf
1239,https://waterboards.ca.gov/water_issues/programs/tmdl/records/region_6/2003/ref1239.pdf
1485,https://waterboards.ca.gov/water_issues/programs/tmdl/records/region_4/2003/ref1485.pdf
1657,https://waterboards.ca.gov/water_issues/programs/tmdl/records/region_1/2003/ref1657.pdf
1659,https://waterboards.ca.gov/water_issues/programs/tmdl/records/region_1/2003/ref1659.pdf
1768,https://waterboards.ca.gov/water_issues/programs/tmdl/records/region_1/2003/ref1768.pdf
2153,https://waterboards.ca.gov/water_issues/programs/tmdl/records/state_board/2008/ref2153.pdf
2154,https://waterboards.ca.gov/water_issues/programs/tmdl/records/state_board/2005/ref2154.pdf
2182,https://waterboards.ca.gov/water_issues/programs/tmdl/records/region_3/2007/ref2182.zip
2183,https://waterboards.ca.gov/water_issues/programs/tmdl/records/region_3/2007/ref2183.jpg
2192,https://waterboards.ca.gov/water_issues/programs/tmdl/records/region_3/2007/ref2192.jpg
2193,https://waterboards.ca.gov/water_issues/programs/tmdl/records/region_3/2007/ref2193.jpg
2194,https://waterboards.ca.gov/water_issues/programs/tmdl/records/region_3/2007/ref2194.jpg
2195,https://waterboards.ca.gov/water_issues/programs/tmdl/records/region_3/2008/ref2195.pdf
2196,https://waterboards.ca.gov/water_issues/programs/tmdl/records/region_3/2007/ref2196.ppt
2198,https://waterboards.ca.gov/water_issues/programs/tmdl/records/region_3/2007/ref2198.jpg
2231,https://waterboards.ca.gov/water_issues/programs/tmdl/records/region_3/2008/ref2231.doc
2234,https://waterboards.ca.gov/water_issues/programs/tmdl/records/region_3/2007/ref2234.xls
2235,https://waterboards.ca.gov/water_issues/programs/tmdl/records/region_3/2007/ref2235.xls
2236,https://waterboards.ca.gov/water_issues/programs/tmdl/records/region_3/2007/ref2236.xls
2334,https://waterboards.ca.gov/water_issues/programs/tmdl/records/region_3/2007/ref2334.xls
2335,https://waterboards.ca.gov/water_issues/programs/tmdl/records/region_3/2007/ref2335.xls
2336,https://waterboards.ca.gov/water_issues/programs/tmdl/records/region_3/2007/ref2336.xls
2412,https://waterboards.ca.gov/water_issues/programs/tmdl/records/region_2/2008/ref2412.pdf
2414,https://waterboards.ca.gov/water_issues/programs/tmdl/records/region_2/2008/ref2414.pdf
2415,https://waterboards.ca.gov/water_issues/programs/tmdl/records/region_2/2008/ref2415.pdf
2416,https://waterboards.ca.gov/water_issues/programs/tmdl/records/region_2/2008/ref2416.pdf
2418,https://waterboards.ca.gov/water_issues/programs/tmdl/records/region_2/2008/ref2418.pdf
2420,https://waterboards.ca.gov/water_issues/programs/tmdl/records/region_7/2007/ref2420.xls
2427,https://waterboards.ca.gov/water_issues/programs/tmdl/records/region_7/2007/ref2427.xls
2429,https://waterboards.ca.gov/water_issues/programs/tmdl/records/region_4/2008/ref2429.pdf
2430,https://waterboards.ca.gov/water_issues/programs/tmdl/records/region_6/2008/ref2430.zip
2431,https://waterboards.ca.gov/water_issues/programs/tmdl/records/region_6/2008/ref2431.zip
2432,https://waterboards.ca.gov/water_issues/programs/tmdl/records/region_6/2008/ref2432.zip
2434,https://waterboards.ca.gov/water_issues/programs/tmdl/records/region_5/2007/ref2434.zip
2436,https://waterboards.ca.gov/water_issues/programs/tmdl/records/region_5/2007/ref2436.zip
2438,https://waterboards.ca.gov/water_issues/programs/tmdl/records/region_2/2008/ref2438.pdf
2443,https://waterboards.ca.gov/water_issues/programs/tmdl/records/region_6/2008/ref2443.zip
2444,https://waterboards.ca.gov/water_issues/programs/tmdl/records/region_7/2007/ref2444.xls
2446,https://waterboards.ca.gov/water_issues/programs/tmdl/records/region_2/2008/ref2446.pdf
2447,https://waterboards.ca.gov/water_issues/programs/tmdl/records/region_7/2008/ref2447.pdf
2449,https://waterboards.ca.gov/water_issues/programs/tmdl/records/region_7/2008/ref2449.xls
2450,https://waterboards.ca.gov/water_issues/programs/tmdl/records/region_7/2008/ref2450.pdf
2451,https://waterboards.ca.gov/water_issues/programs/tmdl/records/region_2/2008/ref2451.xls
2452,https://waterboards.ca.gov/water_issues/programs/tmdl/records/region_6/2008/ref2452.xls
2453,https://waterboards.ca.gov/water_issues/programs/tmdl/records/region_2/2008/ref2453.pdf
2454,https://waterboards.ca.gov/water_issues/programs/tmdl/records/region_2/2008/ref2454.zip
2455,https://waterboards.ca.gov/water_issues/programs/tmdl/records/region_6/2008/ref2455.zip
2456,https://waterboards.ca.gov/water_issues/programs/tmdl/records/state_board/2008/ref2456.pdf
2457,https://waterboards.ca.gov/water_issues/programs/tmdl/records/region_2/2008/ref2457.zip
2458,https://waterboards.ca.gov/water_issues/programs/tmdl/records/region_2/2008/ref2458.pdf
2460,https://waterboards.ca.gov/water_issues/programs/tmdl/records/region_2/2008/ref2460.zip
2461,https://waterboards.ca.gov/water_issues/programs/tmdl/records/region_2/2008/ref2461.xls
2462,https://waterboards.ca.gov/water_issues/programs/tmdl/records/region_2/2008/ref2462.pdf
2466,https://waterboards.ca.gov/water_issues/programs/tmdl/records/region_1/2007/ref2466.pdf
2468,https://waterboards.ca.gov/water_issues/programs/tmdl/records/region_7/2008/ref2468.xls
2469,https://waterboards.ca.gov/water_issues/programs/tmdl/records/region_7/2008/ref2469.doc
2472,https://waterboards.ca.gov/water_issues/programs/tmdl/records/region_2/2008/ref2472.pdf
2473,https://waterboards.ca.gov/water_issues/programs/tmdl/records/region_2/2008/ref2473.xls
2474,https://waterboards.ca.gov/water_issues/programs/tmdl/records/region_2/2008/ref2474.zip
2475,https://waterboards.ca.gov/water_issues/programs/tmdl/records/region_2/2008/ref2475.zip
2476,https://waterboards.ca.gov/water_issues/programs/tmdl/records/region_2/2008/ref2476.zip
2480,https://waterboards.ca.gov/water_issues/programs/tmdl/records/region_5/2006/ref2480.xls
2482,https://waterboards.ca.gov/water_issues/programs/tmdl/records/region_5/2007/ref2482.zip
2483,https://waterboards.ca.gov/water_issues/programs/tmdl/records/region_5/2007/ref2483.pdf
2484,https://waterboards.ca.gov/water_issues/programs/tmdl/records/region_5/2008/ref2484.zip
2486,https://waterboards.ca.gov/water_issues/programs/tmdl/records/region_5/2008/ref2486.pdf
2487,https://waterboards.ca.gov/water_issues/programs/tmdl/records/region_5/2008/ref2487.pdf
2489,https://waterboards.ca.gov/water_issues/programs/tmdl/records/region_2/2008/ref2489.zip
2490,https://waterboards.ca.gov/water_issues/programs/tmdl/records/region_2/2008/ref2490.zip
2491,https://waterboards.ca.gov/water_issues/programs/tmdl/records/region_5/2004/ref2491.zip
2492,https://waterboards.ca.gov/water_issues/programs/tmdl/records/region_2/2008/ref2492.zip
2500,https://waterboards.ca.gov/water_issues/programs/tmdl/records/region_5/2007/ref2500.zip
2509,https://waterboards.ca.gov/water_issues/programs/tmdl/records/region_1/2008/ref2509.doc
2510,https://waterboards.ca.gov/water_issues/programs/tmdl/records/region_6/2008/ref2510.zip
2511,https://waterboards.ca.gov/water_issues/programs/tmdl/records/region_6/2008/ref2511.zip
2512,https://waterboards.ca.gov/water_issues/programs/tmdl/records/region_8/2007/ref2512.xls
2513,https://waterboards.ca.gov/water_issues/programs/tmdl/records/region_2/2008/ref2513.zip
2514,https://waterboards.ca.gov/water_issues/programs/tmdl/records/region_2/2008/ref2514.zip
2515,https://waterboards.ca.gov/water_issues/programs/tmdl/records/region_2/2008/ref2515.zip
2516,https://waterboards.ca.gov/water_issues/programs/tmdl/records/region_6/2008/ref2516.doc
2518,https://waterboards.ca.gov/water_issues/programs/tmdl/records/region_4/2008/ref2518.zip
2519,https://waterboards.ca.gov/water_issues/programs/tmdl/records/region_2/2008/ref2519.xls
2521,https://waterboards.ca.gov/water_issues/programs/tmdl/records/region_2/2008/ref2521.pdf
2526,https://waterboards.ca.gov/water_issues/programs/tmdl/records/region_8/2007/ref2526.zip
2530,https://waterboards.ca.gov/water_issues/programs/tmdl/records/state_board/2008/ref2530.pdf
2535,https://waterboards.ca.gov/water_issues/programs/tmdl/records/region_6/2008/ref2535.pdf
2536,https://waterboards.ca.gov/water_issues/programs/tmdl/records/region_1/2008/ref2536.doc
2537,https://waterboards.ca.gov/water_issues/programs/tmdl/records/region_1/1997/ref2537.pdf
2539,https://waterboards.ca.gov/water_issues/programs/tmdl/records/region_9/2007/ref2539.pdf
2541,https://waterboards.ca.gov/water_issues/programs/tmdl/records/region_9/2005/ref2541.pdf
2543,https://waterboards.ca.gov/water_issues/programs/tmdl/records/region_9/2007/ref2543.pdf
2549,https://waterboards.ca.gov/water_issues/programs/tmdl/records/region_9/2007/ref2549.pdf
2551,https://waterboards.ca.gov/water_issues/programs/tmdl/records/region_1/2008/ref2551.pdf
2554,https://waterboards.ca.gov/water_issues/programs/tmdl/records/region_9/2007/ref2554.zip
2558,https://waterboards.ca.gov/water_issues/programs/tmdl/records/region_9/2006/ref2558.zip
2559,https://waterboards.ca.gov/water_issues/programs/tmdl/records/region_5/2008/ref2559.zip
2560,https://waterboards.ca.gov/water_issues/programs/tmdl/records/region_6/2006/ref2560.zip
2561,https://waterboards.ca.gov/water_issues/programs/tmdl/records/region_9/2007/ref2561.zip
2562,https://waterboards.ca.gov/water_issues/programs/tmdl/records/region_9/2007/ref2562.xls
2563,https://waterboards.ca.gov/water_issues/programs/tmdl/records/region_9/2007/ref2563.pdf
2566,https://waterboards.ca.gov/water_issues/programs/tmdl/records/region_9/2008/ref2566.zip
2567,https://waterboards.ca.gov/water_issues/programs/tmdl/records/region_6/2008/ref2567.zip
2568,https://waterboards.ca.gov/water_issues/programs/tmdl/records/region_3/2008/ref2568.xls
2569,https://waterboards.ca.gov/water_issues/programs/tmdl/records/region_3/2008/ref2569.xls
2570,https://waterboards.ca.gov/water_issues/programs/tmdl/records/region_3/2008/ref2570.xls
2571,https://waterboards.ca.gov/water_issues/programs/tmdl/records/region_3/2008/ref2571.xls
2572,https://waterboards.ca.gov/water_issues/programs/tmdl/records/region_3/2008/ref2572.xls
2573,https://waterboards.ca.gov/water_issues/programs/tmdl/records/region_3/2008/ref2573.xls
2574,https://waterboards.ca.gov/water_issues/programs/tmdl/records/region_3/2008/ref2574.xls
2575,https://waterboards.ca.gov/water_issues/programs/tmdl/records/region_3/2008/ref2575.xls
2576,https://waterboards.ca.gov/water_issues/programs/tmdl/records/region_3/2008/ref2576.xls
2577,https://waterboards.ca.gov/water_issues/programs/tmdl/records/region_3/2008/ref2577.xls
2578,https://waterboards.ca.gov/water_issues/programs/tmdl/records/region_3/2008/ref2578.xls
2579,https://waterboards.ca.gov/water_issues/programs/tmdl/records/region_3/2008/ref2579.xls
2580,https://waterboards.ca.gov/water_issues/programs/tmdl/records/region_3/2008/ref2580.xls
2581,https://waterboards.ca.gov/water_issues/programs/tmdl/records/region_3/2008/ref2581.xls
2582,https://waterboards.ca.gov/water_issues/programs/tmdl/records/region_3/2008/ref2582.xls
2583,https://waterboards.ca.gov/water_issues/programs/tmdl/records/region_3/2008/ref2583.xls
2584,https://waterboards.ca.gov/water_issues/programs/tmdl/records/region_3/2008/ref2584.xls
2585,https://waterboards.ca.gov/water_issues/programs/tmdl/records/region_3/2008/ref2585.xls
2586,https://waterboards.ca.gov/water_issues/programs/tmdl/records/region_3/2008/ref2586.xls
2588,https://waterboards.ca.gov/water_issues/programs/tmdl/records/region_3/2008/ref2588.xls
2589,https://waterboards.ca.gov/water_issues/programs/tmdl/records/region_3/2008/ref2589.xls
2590,https://waterboards.ca.gov/water_issues/programs/tmdl/records/region_3/2008/ref2590.xls
2591,https://waterboards.ca.gov/water_issues/programs/tmdl/records/region_3/2008/ref2591.xls
2592,https://waterboards.ca.gov/water_issues/programs/tmdl/records/region_3/2008/ref2592.xls
2593,https://waterboards.ca.gov/water_issues/programs/tmdl/records/region_3/2008/ref2593.xls
2595,https://waterboards.ca.gov/water_issues/programs/tmdl/records/region_5/2008/ref2595.zip
2597,https://waterboards.ca.gov/water_issues/programs/tmdl/records/region_9/2008/ref2597.pdf
2598,https://waterboards.ca.gov/water_issues/programs/tmdl/records/region_9/2007/ref2598.xls
2600,https://waterboards.ca.gov/water_issues/programs/tmdl/records/region_1/2008/ref2600.xls
2601,https://waterboards.ca.gov/water_issues/programs/tmdl/records/region_1/2008/ref2601.xls
2612,https://waterboards.ca.gov/water_issues/programs/tmdl/records/region_1/2008/ref2612.pdf
2614,https://waterboards.ca.gov/water_issues/programs/tmdl/records/region_1/2008/ref2614.pdf
2615,https://waterboards.ca.gov/water_issues/programs/tmdl/records/region_1/2008/ref2615.pdf
2616,https://waterboards.ca.gov/water_issues/programs/tmdl/records/region_1/2008/ref2616.pdf
2618,https://waterboards.ca.gov/water_issues/programs/tmdl/records/region_9/2007/ref2618.zip
2620,https://waterboards.ca.gov/water_issues/programs/tmdl/records/region_9/2008/ref2620.pdf
2622,https://waterboards.ca.gov/water_issues/programs/tmdl/records/region_1/2008/ref2622.pdf
2624,https://waterboards.ca.gov/water_issues/programs/tmdl/records/region_9/2008/ref2624.pdf
2626,https://waterboards.ca.gov/water_issues/programs/tmdl/records/region_1/2008/ref2626.pdf
2630,https://waterboards.ca.gov/water_issues/programs/tmdl/records/region_4/2007/ref2630.zip
2631,https://waterboards.ca.gov/water_issues/programs/tmdl/records/region_5/2007/ref2631.zip
2632,https://waterboards.ca.gov/water_issues/programs/tmdl/records/region_5/2007/ref2632.zip
2635,https://waterboards.ca.gov/water_issues/programs/tmdl/records/region_8/2007/ref2635.pdf
2636,https://waterboards.ca.gov/water_issues/programs/tmdl/records/region_8/2007/ref2636.zip
2637,https://waterboards.ca.gov/water_issues/programs/tmdl/records/region_8/2008/ref2637.zip
2640,https://waterboards.ca.gov/water_issues/programs/tmdl/records/region_8/2007/ref2640.xls
2641,https://waterboards.ca.gov/water_issues/programs/tmdl/records/region_9/2007/ref2641.zip
2642,https://waterboards.ca.gov/water_issues/programs/tmdl/records/region_1/2008/ref2642.pdf
2643,https://waterboards.ca.gov/water_issues/programs/tmdl/records/region_8/2007/ref2643.zip
2644,https://waterboards.ca.gov/water_issues/programs/tmdl/records/region_9/2007/ref2644.zip
2647,https://waterboards.ca.gov/water_issues/programs/tmdl/records/region_4/2007/ref2647.zip
2649,https://waterboards.ca.gov/water_issues/programs/tmdl/records/region_8/2007/ref2649.pdf
2650,https://waterboards.ca.gov/water_issues/programs/tmdl/records/region_8/2007/ref2650.xls
2652,https://waterboards.ca.gov/water_issues/programs/tmdl/records/state_board/2002/ref2652.pdf
2653,https://waterboards.ca.gov/water_issues/programs/tmdl/records/region_1/2007/ref2653.xls
2655,https://waterboards.ca.gov/water_issues/programs/tmdl/records/region_8/2007/ref2655.pdf
2657,https://waterboards.ca.gov/water_issues/programs/tmdl/records/region_3/2007/ref2657.jpg
2658,https://waterboards.ca.gov/water_issues/programs/tmdl/records/region_1/2008/ref2658.xls
2660,https://waterboards.ca.gov/water_issues/programs/tmdl/records/region_4/2007/ref2660.zip
2662,https://waterboards.ca.gov/water_issues/programs/tmdl/records/state_board/2008/ref2662.pdf
2663,https://waterboards.ca.gov/water_issues/programs/tmdl/records/region_1/2008/ref2663.doc
2665,https://waterboards.ca.gov/water_issues/programs/tmdl/records/region_1/2007/ref2665.pdf
2666,https://waterboards.ca.gov/water_issues/programs/tmdl/records/region_1/2008/ref2666.xls
2667,https://waterboards.ca.gov/water_issues/programs/tmdl/records/region_1/2008/ref2667.htm
2668,https://waterboards.ca.gov/water_issues/programs/tmdl/records/region_1/2008/ref2668.pdf
2673,https://waterboards.ca.gov/water_issues/programs/tmdl/records/region_5/2006/ref2673.pdf
2676,https://waterboards.ca.gov/water_issues/programs/tmdl/records/region_5/2008/ref2676.zip
2677,https://waterboards.ca.gov/water_issues/programs/tmdl/records/region_1/2008/ref2677.pdf
2678,https://waterboards.ca.gov/water_issues/programs/tmdl/records/region_4/2007/ref2678.zip
2679,https://waterboards.ca.gov/water_issues/programs/tmdl/records/region_9/2008/ref2679.pdf
2685,https://waterboards.ca.gov/water_issues/programs/tmdl/records/region_4/2007/ref2685.zip
2686,https://waterboards.ca.gov/water_issues/programs/tmdl/records/region_5/2007/ref2686.zip
2687,https://waterboards.ca.gov/water_issues/programs/tmdl/records/region_5/2008/ref2687.zip
2692,https://waterboards.ca.gov/water_issues/programs/tmdl/records/region_1/2007/ref2692.pdf
2693,https://waterboards.ca.gov/water_issues/programs/tmdl/records/region_5/2007/ref2693.zip
2694,https://waterboards.ca.gov/water_issues/programs/tmdl/records/region_1/2007/ref2694.pdf
2695,https://waterboards.ca.gov/water_issues/programs/tmdl/records/region_7/2008/ref2695.xls
2698,https://waterboards.ca.gov/water_issues/programs/tmdl/records/region_5/2007/ref2698.pdf
2700,https://waterboards.ca.gov/water_issues/programs/tmdl/records/region_5/2007/ref2700.pdf
2701,https://waterboards.ca.gov/water_issues/programs/tmdl/records/region_5/2008/ref2701.zip
2704,https://waterboards.ca.gov/water_issues/programs/tmdl/records/state_board/2008/ref2704.pdf
2707,https://waterboards.ca.gov/water_issues/programs/tmdl/records/region_5/2007/ref2707.zip
2708,https://waterboards.ca.gov/water_issues/programs/tmdl/records/region_1/2007/ref2708.pdf
2709,https://waterboards.ca.gov/water_issues/programs/tmdl/records/region_5/2007/ref2709.zip
2713,https://waterboards.ca.gov/water_issues/programs/tmdl/records/region_9/2008/ref2713.zip
2715,https://waterboards.ca.gov/water_issues/programs/tmdl/records/region_1/2007/ref2715.pdf
2716,https://waterboards.ca.gov/water_issues/programs/tmdl/records/region_1/2007/ref2716.pdf
2717,https://waterboards.ca.gov/water_issues/programs/tmdl/records/region_1/2007/ref2717.pdf
2718,https://waterboards.ca.gov/water_issues/programs/tmdl/records/region_4/2007/ref2718.pdf
2720,https://waterboards.ca.gov/water_issues/programs/tmdl/records/region_4/2007/ref2720.zip
2723,https://waterboards.ca.gov/water_issues/programs/tmdl/records/region_1/2007/ref2723.pdf
2725,https://waterboards.ca.gov/water_issues/programs/tmdl/records/region_7/2008/ref2725.doc
2728,https://waterboards.ca.gov/water_issues/programs/tmdl/records/region_4/2007/ref2728.zip
2734,https://waterboards.ca.gov/water_issues/programs/tmdl/records/region_4/2008/ref2734.xls
2741,https://waterboards.ca.gov/water_issues/programs/tmdl/records/region_1/2008/ref2741.xls
2745,https://waterboards.ca.gov/water_issues/programs/tmdl/records/region_1/2008/ref2745.zip
2747,https://waterboards.ca.gov/water_issues/programs/tmdl/records/region_1/2008/ref2747.zip
2748,https://waterboards.ca.gov/water_issues/programs/tmdl/records/region_4/2007/ref2748.zip
2750,https://waterboards.ca.gov/water_issues/programs/tmdl/records/region_1/2008/ref2750.zip
2752,https://waterboards.ca.gov/water_issues/programs/tmdl/records/region_5/2008/ref2752.xls
2754,https://waterboards.ca.gov/water_issues/programs/tmdl/records/region_1/2008/ref2754.pdf
2757,https://waterboards.ca.gov/water_issues/programs/tmdl/records/region_5/2008/ref2757.zip
2758,https://waterboards.ca.gov/water_issues/programs/tmdl/records/region_5/2008/ref2758.zip
2767,https://waterboards.ca.gov/water_issues/programs/tmdl/records/region_5/2007/ref2767.zip
2768,https://waterboards.ca.gov/water_issues/programs/tmdl/records/state_board/2008/ref2768.doc
2769,https://waterboards.ca.gov/water_issues/programs/tmdl/records/region_1/2008/ref2769.xls
2773,https://waterboards.ca.gov/water_issues/programs/tmdl/records/region_1/2008/ref2773.pdf
2774,https://waterboards.ca.gov/water_issues/programs/tmdl/records/region_1/2008/ref2774.doc
2775,https://waterboards.ca.gov/water_issues/programs/tmdl/records/region_5/2008/ref2775.zip
2777,https://waterboards.ca.gov/water_issues/programs/tmdl/records/region_1/2008/ref2777.pdf
2781,https://waterboards.ca.gov/water_issues/programs/tmdl/records/region_1/2008/ref2781.xls
2787,https://waterboards.ca.gov/water_issues/programs/tmdl/records/region_5/2008/ref2787.zip
2789,https://waterboards.ca.gov/water_issues/programs/tmdl/records/region_4/2008/ref2789.xls
2793,https://waterboards.ca.gov/water_issues/programs/tmdl/records/region_9/2007/ref2793.pdf
2798,https://waterboards.ca.gov/water_issues/programs/tmdl/records/region_2/2008/ref2798.pdf
2808,https://waterboards.ca.gov/water_issues/programs/tmdl/records/region_1/2008/ref2808.pdf
2809,https://waterboards.ca.gov/water_issues/programs/tmdl/records/region_1/2008/ref2809.pdf
2813,https://waterboards.ca.gov/water_issues/programs/tmdl/records/region_9/2007/ref2813.xls
2814,https://waterboards.ca.gov/water_issues/programs/tmdl/records/region_9/2007/ref2814.xls
2816,https://waterboards.ca.gov/water_issues/programs/tmdl/records/region_9/2007/ref2816.pdf
2817,https://waterboards.ca.gov/water_issues/programs/tmdl/records/region_1/2008/ref2817.pdf
2861,https://waterboards.ca.gov/water_issues/programs/tmdl/records/region_1/2008/ref2861.pdf
2879,https://waterboards.ca.gov/water_issues/programs/tmdl/records/region_1/2008/ref2879.xls
2881,https://waterboards.ca.gov/water_issues/programs/tmdl/records/region_1/2009/ref2881.pdf
2882,https://waterboards.ca.gov/water_issues/programs/tmdl/records/region_6/2009/ref2882.zip
2894,https://waterboards.ca.gov/water_issues/programs/tmdl/records/region_4/2009/ref2894.zip
2896,https://waterboards.ca.gov/water_issues/programs/tmdl/records/region_5/2007/ref2896.zip
2900,https://waterboards.ca.gov/water_issues/programs/tmdl/records/region_5/2007/ref2900.zip
2902,https://waterboards.ca.gov/water_issues/programs/tmdl/records/region_6/2007/ref2902.zip
2905,https://waterboards.ca.gov/water_issues/programs/tmdl/records/region_8/2007/ref2905.zip
2906,https://waterboards.ca.gov/water_issues/programs/tmdl/records/region_6/2009/ref2906.xls
2909,https://waterboards.ca.gov/water_issues/programs/tmdl/records/region_9/2006/ref2909.pdf
2910,https://waterboards.ca.gov/water_issues/programs/tmdl/records/region_9/2007/ref2910.pdf
2917,https://waterboards.ca.gov/water_issues/programs/tmdl/records/region_9/2007/ref2917.pdf
2918,https://waterboards.ca.gov/water_issues/programs/tmdl/records/region_5/2006/ref2918.zip
2919,https://waterboards.ca.gov/water_issues/programs/tmdl/records/region_5/2007/ref2919.zip
2926,https://waterboards.ca.gov/water_issues/programs/tmdl/records/region_5/2002/ref2926.zip
2927,https://waterboards.ca.gov/water_issues/programs/tmdl/records/region_5/2004/ref2927.zip
2928,https://waterboards.ca.gov/water_issues/programs/tmdl/records/region_5/2004/ref2928.zip
2929,https://waterboards.ca.gov/water_issues/programs/tmdl/records/region_5/2007/ref2929.zip
2931,https://waterboards.ca.gov/water_issues/programs/tmdl/records/region_5/2007/ref2931.zip
2933,https://waterboards.ca.gov/water_issues/programs/tmdl/records/region_5/2008/ref2933.zip
2934,https://waterboards.ca.gov/water_issues/programs/tmdl/records/region_1/2008/ref2934.xls
2935,https://waterboards.ca.gov/water_issues/programs/tmdl/records/region_5/2002/ref2935.pdf
2936,https://waterboards.ca.gov/water_issues/programs/tmdl/records/region_5/2004/ref2936.zip
2937,https://waterboards.ca.gov/water_issues/programs/tmdl/records/region_5/2008/ref2937.zip
2938,https://waterboards.ca.gov/water_issues/programs/tmdl/records/region_5/2004/ref2938.zip
2939,https://waterboards.ca.gov/water_issues/programs/tmdl/records/region_5/2008/ref2939.zip
2940,https://waterboards.ca.gov/water_issues/programs/tmdl/records/region_5/2002/ref2940.pdf
2941,https://waterboards.ca.gov/water_issues/programs/tmdl/records/region_5/2008/ref2941.zip
2942,https://waterboards.ca.gov/water_issues/programs/tmdl/records/region_5/1997/ref2942.pdf
2943,https://waterboards.ca.gov/water_issues/programs/tmdl/records/region_5/2002/ref2943.zip
2944,https://waterboards.ca.gov/water_issues/programs/tmdl/records/region_5/2008/ref2944.zip
2947,https://waterboards.ca.gov/water_issues/programs/tmdl/records/region_3/2008/ref2947.xls
2960,https://waterboards.ca.gov/water_issues/programs/tmdl/records/region_1/2009/ref2960.pdf
2965,https://waterboards.ca.gov/water_issues/programs/tmdl/records/region_5/2008/ref2965.zip
2966,https://waterboards.ca.gov/water_issues/programs/tmdl/records/region_6/2007/ref2966.txt
2967,https://waterboards.ca.gov/water_issues/programs/tmdl/records/region_9/2008/ref2967.zip
2968,https://waterboards.ca.gov/water_issues/programs/tmdl/records/region_9/2008/ref2968.zip
2969,https://waterboards.ca.gov/water_issues/programs/tmdl/records/region_9/2008/ref2969.zip
2970,https://waterboards.ca.gov/water_issues/programs/tmdl/records/region_9/2008/ref2970.pdf
2980,https://waterboards.ca.gov/water_issues/programs/tmdl/records/region_9/2007/ref2980.xls
2981,https://waterboards.ca.gov/water_issues/programs/tmdl/records/region_7/2009/ref2981.xls
2983,https://waterboards.ca.gov/water_issues/programs/tmdl/records/region_4/2008/ref2983.doc
2985,https://waterboards.ca.gov/water_issues/programs/tmdl/records/region_4/2009/ref2985.pdf
2988,https://waterboards.ca.gov/water_issues/programs/tmdl/records/region_4/2008/ref2988.pdf
2991,https://waterboards.ca.gov/water_issues/programs/tmdl/records/region_6/2000/ref2991.zip
2994,https://waterboards.ca.gov/water_issues/programs/tmdl/records/region_9/2006/ref2994.zip
2995,https://waterboards.ca.gov/water_issues/programs/tmdl/records/region_4/2008/ref2995.pdf
2996,https://waterboards.ca.gov/water_issues/programs/tmdl/records/region_4/2008/ref2996.pdf
2997,https://waterboards.ca.gov/water_issues/programs/tmdl/records/region_3/2007/ref2997.jpg
2998,https://waterboards.ca.gov/water_issues/programs/tmdl/records/region_3/2007/ref2998.jpg
2999,https://waterboards.ca.gov/water_issues/programs/tmdl/records/region_3/2007/ref2999.jpg
3000,https://waterboards.ca.gov/water_issues/programs/tmdl/records/region_3/2007/ref3000.jpg
3001,https://waterboards.ca.gov/water_issues/programs/tmdl/records/region_6/2009/ref3001.pdf
3002,https://waterboards.ca.gov/water_issues/programs/tmdl/records/region_9/2001/ref3002.zip
3004,https://waterboards.ca.gov/water_issues/programs/tmdl/records/region_6/2009/ref3004.xls
3014,https://waterboards.ca.gov/water_issues/programs/tmdl/records/region_4/2007/ref3014.zip
3018,https://waterboards.ca.gov/water_issues/programs/tmdl/records/region_4/2007/ref3018.zip
3025,https://waterboards.ca.gov/water_issues/programs/tmdl/records/region_4/2007/ref3025.zip
3027,https://waterboards.ca.gov/water_issues/programs/tmdl/records/region_4/2007/ref3027.zip
3028,https://waterboards.ca.gov/water_issues/programs/tmdl/records/region_9/2009/ref3028.zip
3029,https://waterboards.ca.gov/water_issues/programs/tmdl/records/region_9/2009/ref3029.pdf
3034,https://waterboards.ca.gov/water_issues/programs/tmdl/records/region_4/2008/ref3034.doc
3039,https://waterboards.ca.gov/water_issues/programs/tmdl/records/region_4/2008/ref3039.pdf
3080,https://waterboards.ca.gov/water_issues/programs/tmdl/records/region_4/2009/ref3080.pdf
3081,https://waterboards.ca.gov/water_issues/programs/tmdl/records/region_6/2007/ref3081.zip
3082,https://waterboards.ca.gov/water_issues/programs/tmdl/records/region_4/2009/ref3082.doc
3084,https://waterboards.ca.gov/water_issues/programs/tmdl/records/region_4/2008/ref3084.zip
3087,https://waterboards.ca.gov/water_issues/programs/tmdl/records/region_8/2009/ref3087.xls
3088,https://waterboards.ca.gov/water_issues/programs/tmdl/records/region_4/2009/ref3088.pdf
3089,https://waterboards.ca.gov/water_issues/programs/tmdl/records/region_5/2009/ref3089.xls
3090,https://waterboards.ca.gov/water_issues/programs/tmdl/records/region_4/2009/ref3090.pdf
3091,https://waterboards.ca.gov/water_issues/programs/tmdl/records/region_5/2009/ref3091.xls
3092,https://waterboards.ca.gov/water_issues/programs/tmdl/records/region_4/2009/ref3092.pdf
3093,https://waterboards.ca.gov/water_issues/programs/tmdl/records/region_4/2009/ref3093.pdf
3094,https://waterboards.ca.gov/water_issues/programs/tmdl/records/region_4/2007/ref3094.xls
3095,https://waterboards.ca.gov/water_issues/programs/tmdl/records/region_4/2008/ref3095.xls
3097,https://waterboards.ca.gov/water_issues/programs/tmdl/records/region_4/2009/ref3097.zip
3098,https://waterboards.ca.gov/water_issues/programs/tmdl/records/region_4/2008/ref3098.xls
3099,https://waterboards.ca.gov/water_issues/programs/tmdl/records/region_4/2007/ref3099.xls
3101,https://waterboards.ca.gov/water_issues/programs/tmdl/records/region_5/2009/ref3101.pdf
3103,https://waterboards.ca.gov/water_issues/programs/tmdl/records/region_4/2009/ref3103.xls
3104,https://waterboards.ca.gov/water_issues/programs/tmdl/records/region_4/2009/ref3104.xls
3106,https://waterboards.ca.gov/water_issues/programs/tmdl/records/region_6/2005/ref3106.pdf
3107,https://waterboards.ca.gov/water_issues/programs/tmdl/records/region_6/2009/ref3107.doc
3162,https://waterboards.ca.gov/water_issues/programs/tmdl/records/region_8/1995/ref3162.pdf
3163,https://waterboards.ca.gov/water_issues/programs/tmdl/records/region_4/2009/ref3163.xls
3164,https://waterboards.ca.gov/water_issues/programs/tmdl/records/region_4/2009/ref3164.xls
3165,https://waterboards.ca.gov/water_issues/programs/tmdl/records/region_4/2009/ref3165.zip
3166,https://waterboards.ca.gov/water_issues/programs/tmdl/records/region_4/2009/ref3166.zip
3167,https://waterboards.ca.gov/water_issues/programs/tmdl/records/region_4/2009/ref3167.pdf
3168,https://waterboards.ca.gov/water_issues/programs/tmdl/records/region_6/2009/ref3168.zip
3172,https://waterboards.ca.gov/water_issues/programs/tmdl/records/region_4/2009/ref3172.doc
3173,https://waterboards.ca.gov/water_issues/programs/tmdl/records/region_4/2009/ref3173.zip
3184,https://waterboards.ca.gov/water_issues/programs/tmdl/records/region_4/2009/ref3184.xls
3185,https://waterboards.ca.gov/water_issues/programs/tmdl/records/region_4/2009/ref3185.xls
3186,https://waterboards.ca.gov/water_issues/programs/tmdl/records/region_4/2009/ref3186.xls
3187,https://waterboards.ca.gov/water_issues/programs/tmdl/records/region_4/2009/ref3187.xls
3189,https://waterboards.ca.gov/water_issues/programs/tmdl/records/region_4/2009/ref3189.xls
3191,https://waterboards.ca.gov/water_issues/programs/tmdl/records/region_4/2009/ref3191.xls
3192,https://waterboards.ca.gov/water_issues/programs/tmdl/records/region_4/2009/ref3192.pdf
3193,https://waterboards.ca.gov/water_issues/programs/tmdl/records/region_4/2009/ref3193.xls
3197,https://waterboards.ca.gov/water_issues/programs/tmdl/records/region_7/2006/ref3197.xls
3199,https://waterboards.ca.gov/water_issues/programs/tmdl/records/region_1/2008/ref3199.xls
3201,https://waterboards.ca.gov/water_issues/programs/tmdl/records/region_9/2007/ref3201.pdf
3202,https://waterboards.ca.gov/water_issues/programs/tmdl/records/region_8/2005/ref3202.pdf
3204,https://waterboards.ca.gov/water_issues/programs/tmdl/records/region_3/2007/ref3204.jpg
3205,https://waterboards.ca.gov/water_issues/programs/tmdl/records/region_3/2007/ref3205.jpg
3225,https://waterboards.ca.gov/water_issues/programs/tmdl/records/region_9/2008/ref3225.pdf
3230,https://waterboards.ca.gov/water_issues/programs/tmdl/records/region_9/2009/ref3230.pdf
3231,https://waterboards.ca.gov/water_issues/programs/tmdl/records/region_9/2009/ref3231.pdf
3232,https://waterboards.ca.gov/water_issues/programs/tmdl/records/region_9/2009/ref3232.pdf
3233,https://waterboards.ca.gov/water_issues/programs/tmdl/records/region_3/2009/ref3233.xls
3236,https://waterboards.ca.gov/water_issues/programs/tmdl/records/region_9/2001/ref3236.pdf
3237,https://waterboards.ca.gov/water_issues/programs/tmdl/records/region_4/2009/ref3237.xls
3239,https://waterboards.ca.gov/water_issues/programs/tmdl/records/region_4/2009/ref3239.pdf
3240,https://waterboards.ca.gov/water_issues/programs/tmdl/records/region_4/2009/ref3240.xls
3242,https://waterboards.ca.gov/water_issues/programs/tmdl/records/region_4/2009/ref3242.pdf
3244,https://waterboards.ca.gov/water_issues/programs/tmdl/records/region_4/2009/ref3244.xls
3246,https://waterboards.ca.gov/water_issues/programs/tmdl/records/region_4/2009/ref3246.pdf
3247,https://waterboards.ca.gov/water_issues/programs/tmdl/records/region_4/2009/ref3247.pdf
3250,https://waterboards.ca.gov/water_issues/programs/tmdl/records/region_4/2009/ref3250.doc
3253,https://waterboards.ca.gov/water_issues/programs/tmdl/records/region_3/2009/ref3253.pdf
3289,https://waterboards.ca.gov/water_issues/programs/tmdl/records/region_9/2009/ref3289.doc
3301,https://waterboards.ca.gov/water_issues/programs/tmdl/records/region_9/2009/ref3301.pdf
3311,https://waterboards.ca.gov/water_issues/programs/tmdl/records/region_5/2008/ref3311.pdf
3355,https://waterboards.ca.gov/water_issues/programs/tmdl/records/state_board/2008/ref3355.xls
3395,https://waterboards.ca.gov/water_issues/programs/tmdl/records/region_5/2007/ref3395.doc
3463,https://waterboards.ca.gov/water_issues/programs/tmdl/records/region_8/2008/ref3463.doc
3473,https://waterboards.ca.gov/water_issues/programs/tmdl/records/state_board/2009/ref3473.xls
3475,https://waterboards.ca.gov/water_issues/programs/tmdl/records/state_board/2009/ref3475.pdf
3476,https://waterboards.ca.gov/water_issues/programs/tmdl/records/state_board/2009/ref3476.pdf
3575,https://waterboards.ca.gov/water_issues/programs/tmdl/records/region_4/2009/ref3575.xls
3576,https://waterboards.ca.gov/water_issues/programs/tmdl/records/region_9/2010/ref3576.pdf
3640,https://waterboards.ca.gov/water_issues/programs/tmdl/records/state_board/2010/ref3640.pdf
3641,https://waterboards.ca.gov/water_issues/programs/tmdl/records/state_board/2011/ref3641.pdf
3647,https://waterboards.ca.gov/water_issues/programs/tmdl/records/region_8/2011/ref3647.xls
3649,https://waterboards.ca.gov/water_issues/programs/tmdl/records/region_5/2011/ref3649.zip
3650,https://waterboards.ca.gov/water_issues/programs/tmdl/records/region_5/2011/ref3650.zip
3651,https://waterboards.ca.gov/water_issues/programs/tmdl/records/region_5/2011/ref3651.zip
3653,https://waterboards.ca.gov/water_issues/programs/tmdl/records/region_5/2011/ref3653.zip
3654,https://waterboards.ca.gov/water_issues/programs/tmdl/records/region_6/2011/ref3654.doc
3656,https://waterboards.ca.gov/water_issues/programs/tmdl/records/region_1/2010/ref3656.zip
3657,https://waterboards.ca.gov/water_issues/programs/tmdl/records/region_1/2010/ref3657.zip
3658,https://waterboards.ca.gov/water_issues/programs/tmdl/records/region_1/2010/ref3658.zip
3659,https://waterboards.ca.gov/water_issues/programs/tmdl/records/region_1/2010/ref3659.zip
3660,https://waterboards.ca.gov/water_issues/programs/tmdl/records/region_1/2010/ref3660.zip
3662,https://waterboards.ca.gov/water_issues/programs/tmdl/records/region_1/2010/ref3662.zip
3663,https://waterboards.ca.gov/water_issues/programs/tmdl/records/region_1/2010/ref3663.pdf
3664,https://waterboards.ca.gov/water_issues/programs/tmdl/records/region_1/2010/ref3664.pdf
3665,https://waterboards.ca.gov/water_issues/programs/tmdl/records/region_1/2010/ref3665.zip
3666,https://waterboards.ca.gov/water_issues/programs/tmdl/records/region_1/2010/ref3666.zip
3667,https://waterboards.ca.gov/water_issues/programs/tmdl/records/region_1/2010/ref3667.zip
3673,https://waterboards.ca.gov/water_issues/programs/tmdl/records/region_2/2010/ref3673.xls
3675,https://waterboards.ca.gov/water_issues/programs/tmdl/records/region_2/2010/ref3675.zip
3676,https://waterboards.ca.gov/water_issues/programs/tmdl/records/region_1/2011/ref3676.pdf
3677,https://waterboards.ca.gov/water_issues/programs/tmdl/records/region_1/2010/ref3677.pdf
3679,https://waterboards.ca.gov/water_issues/programs/tmdl/records/region_1/2010/ref3679.pdf
3680,https://waterboards.ca.gov/water_issues/programs/tmdl/records/region_1/2012/ref3680.pdf
3692,https://waterboards.ca.gov/water_issues/programs/tmdl/records/region_2/2010/ref3692.zip
3697,https://waterboards.ca.gov/water_issues/programs/tmdl/records/region_6/2010/ref3697.txt
3702,https://waterboards.ca.gov/water_issues/programs/tmdl/records/region_2/2010/ref3702.zip
3703,https://waterboards.ca.gov/water_issues/programs/tmdl/records/region_2/2010/ref3703.zip
3713,https://waterboards.ca.gov/water_issues/programs/tmdl/records/region_2/2010/ref3713.zip
3756,https://waterboards.ca.gov/water_issues/programs/tmdl/records/state_board/2010/ref3756.pdf
3759,https://waterboards.ca.gov/water_issues/programs/tmdl/records/state_board/2010/ref3759.zip
3760,https://waterboards.ca.gov/water_issues/programs/tmdl/records/region_3/2010/ref3760.zip
3761,https://waterboards.ca.gov/water_issues/programs/tmdl/records/region_3/2010/ref3761.zip
3762,https://waterboards.ca.gov/water_issues/programs/tmdl/records/region_3/2010/ref3762.xls
3763,https://waterboards.ca.gov/water_issues/programs/tmdl/records/region_3/2010/ref3763.xls
3764,https://waterboards.ca.gov/water_issues/programs/tmdl/records/region_3/2010/ref3764.xls
3766,https://waterboards.ca.gov/water_issues/programs/tmdl/records/region_3/2010/ref3766.zip
3767,https://waterboards.ca.gov/water_issues/programs/tmdl/records/region_2/2011/ref3767.zip
3769,https://waterboards.ca.gov/water_issues/programs/tmdl/records/region_3/2010/ref3769.xls
3770,https://waterboards.ca.gov/water_issues/programs/tmdl/records/state_board/2010/ref3770.zip
3780,https://waterboards.ca.gov/water_issues/programs/tmdl/records/region_3/2010/ref3780.zip
3783,https://waterboards.ca.gov/water_issues/programs/tmdl/records/region_3/2010/ref3783.xls
3785,https://waterboards.ca.gov/water_issues/programs/tmdl/records/region_4/2010/ref3785.zip
3786,https://waterboards.ca.gov/water_issues/programs/tmdl/records/region_3/2012/ref3786.zip
3787,https://waterboards.ca.gov/water_issues/programs/tmdl/records/region_6/2010/ref3787.zip
3788,https://waterboards.ca.gov/water_issues/programs/tmdl/records/region_6/2010/ref3788.zip
3789,https://waterboards.ca.gov/water_issues/programs/tmdl/records/region_6/2010/ref3789.zip
3790,https://waterboards.ca.gov/water_issues/programs/tmdl/records/region_7/2010/ref3790.zip
3792,https://waterboards.ca.gov/water_issues/programs/tmdl/records/region_1/2010/ref3792.xls
3793,https://waterboards.ca.gov/water_issues/programs/tmdl/records/region_2/2010/ref3793.xls
3794,https://waterboards.ca.gov/water_issues/programs/tmdl/records/region_2/2010/ref3794.xls
3795,https://waterboards.ca.gov/water_issues/programs/tmdl/records/region_3/2010/ref3795.xls
3796,https://waterboards.ca.gov/water_issues/programs/tmdl/records/region_3/2010/ref3796.xls
3797,https://waterboards.ca.gov/water_issues/programs/tmdl/records/region_3/2010/ref3797.xls
3798,https://waterboards.ca.gov/water_issues/programs/tmdl/records/region_3/2010/ref3798.xls
3799,https://waterboards.ca.gov/water_issues/programs/tmdl/records/region_3/2010/ref3799.xls
3800,https://waterboards.ca.gov/water_issues/programs/tmdl/records/region_4/2010/ref3800.xls
3801,https://waterboards.ca.gov/water_issues/programs/tmdl/records/region_4/2010/ref3801.xls
3802,https://waterboards.ca.gov/water_issues/programs/tmdl/records/region_5/2010/ref3802.xls
3803,https://waterboards.ca.gov/water_issues/programs/tmdl/records/region_5/2010/ref3803.xls
3804,https://waterboards.ca.gov/water_issues/programs/tmdl/records/region_5/2010/ref3804.xls
3805,https://waterboards.ca.gov/water_issues/programs/tmdl/records/region_5/2010/ref3805.xls
3806,https://waterboards.ca.gov/water_issues/programs/tmdl/records/region_6/2010/ref3806.xlsx
3807,https://waterboards.ca.gov/water_issues/programs/tmdl/records/region_6/2010/ref3807.xls
3808,https://waterboards.ca.gov/water_issues/programs/tmdl/records/region_7/2010/ref3808.xls
3809,https://waterboards.ca.gov/water_issues/programs/tmdl/records/region_7/2010/ref3809.xlsx
3810,https://waterboards.ca.gov/water_issues/programs/tmdl/records/region_7/2010/ref3810.xls
3812,https://waterboards.ca.gov/water_issues/programs/tmdl/records/region_9/2010/ref3812.xls
3813,https://waterboards.ca.gov/water_issues/programs/tmdl/records/region_9/2010/ref3813.xls
3814,https://waterboards.ca.gov/water_issues/programs/tmdl/records/state_board/2010/ref3814.xlsx
3815,https://waterboards.ca.gov/water_issues/programs/tmdl/records/state_board/2010/ref3815.xls
3816,https://waterboards.ca.gov/water_issues/programs/tmdl/records/state_board/2010/ref3816.xls
3817,https://waterboards.ca.gov/water_issues/programs/tmdl/records/state_board/2010/ref3817.xls
3818,https://waterboards.ca.gov/water_issues/programs/tmdl/records/state_board/2010/ref3818.xls
3819,https://waterboards.ca.gov/water_issues/programs/tmdl/records/region_5/2010/ref3819.zip
3824,https://waterboards.ca.gov/water_issues/programs/tmdl/records/region_3/2010/ref3824.zip
3825,https://waterboards.ca.gov/water_issues/programs/tmdl/records/region_3/2010/ref3825.zip
3826,https://waterboards.ca.gov/water_issues/programs/tmdl/records/region_3/2010/ref3826.zip
3827,https://waterboards.ca.gov/water_issues/programs/tmdl/records/region_3/2010/ref3827.zip
3828,https://waterboards.ca.gov/water_issues/programs/tmdl/records/region_3/2010/ref3828.zip
3829,https://waterboards.ca.gov/water_issues/programs/tmdl/records/region_3/2010/ref3829.xls
3830,https://waterboards.ca.gov/water_issues/programs/tmdl/records/region_3/2010/ref3830.xls
3831,https://waterboards.ca.gov/water_issues/programs/tmdl/records/region_3/2010/ref3831.xls
3832,https://waterboards.ca.gov/water_issues/programs/tmdl/records/region_3/2010/ref3832.xls
3833,https://waterboards.ca.gov/water_issues/programs/tmdl/records/region_3/2010/ref3833.xls
3834,https://waterboards.ca.gov/water_issues/programs/tmdl/records/region_3/2010/ref3834.zip
3835,https://waterboards.ca.gov/water_issues/programs/tmdl/records/region_4/2010/ref3835.zip
3837,https://waterboards.ca.gov/water_issues/programs/tmdl/records/region_4/2010/ref3837.zip
3838,https://waterboards.ca.gov/water_issues/programs/tmdl/records/region_4/2010/ref3838.zip
3840,https://waterboards.ca.gov/water_issues/programs/tmdl/records/region_4/2010/ref3840.zip
3841,https://waterboards.ca.gov/water_issues/programs/tmdl/records/region_4/2010/ref3841.zip
3843,https://waterboards.ca.gov/water_issues/programs/tmdl/records/region_4/2010/ref3843.zip
3844,https://waterboards.ca.gov/water_issues/programs/tmdl/records/region_8/2010/ref3844.zip
3845,https://waterboards.ca.gov/water_issues/programs/tmdl/records/region_4/2010/ref3845.zip
3846,https://waterboards.ca.gov/water_issues/programs/tmdl/records/region_8/2010/ref3846.zip
3851,https://waterboards.ca.gov/water_issues/programs/tmdl/records/region_8/2010/ref3851.zip
3865,https://waterboards.ca.gov/water_issues/programs/tmdl/records/region_5/2010/ref3865.zip
3866,https://waterboards.ca.gov/water_issues/programs/tmdl/records/region_5/2010/ref3866.zip
3867,https://waterboards.ca.gov/water_issues/programs/tmdl/records/region_5/2010/ref3867.zip
3868,https://waterboards.ca.gov/water_issues/programs/tmdl/records/region_5/2010/ref3868.zip
3869,https://waterboards.ca.gov/water_issues/programs/tmdl/records/region_5/2010/ref3869.zip
3870,https://waterboards.ca.gov/water_issues/programs/tmdl/records/region_5/2010/ref3870.zip
3871,https://waterboards.ca.gov/water_issues/programs/tmdl/records/state_board/2010/ref3871.zip
3872,https://waterboards.ca.gov/water_issues/programs/tmdl/records/region_1/2010/ref3872.pdf
3873,https://waterboards.ca.gov/water_issues/programs/tmdl/records/region_5/2010/ref3873.zip
3874,https://waterboards.ca.gov/water_issues/programs/tmdl/records/region_5/2010/ref3874.zip
3875,https://waterboards.ca.gov/water_issues/programs/tmdl/records/region_5/2010/ref3875.zip
3876,https://waterboards.ca.gov/water_issues/programs/tmdl/records/region_5/2010/ref3876.zip
3877,https://waterboards.ca.gov/water_issues/programs/tmdl/records/region_5/2010/ref3877.zip
3878,https://waterboards.ca.gov/water_issues/programs/tmdl/records/region_5/2010/ref3878.zip
3879,https://waterboards.ca.gov/water_issues/programs/tmdl/records/region_5/2010/ref3879.zip
3880,https://waterboards.ca.gov/water_issues/programs/tmdl/records/region_5/2010/ref3880.zip
3881,https://waterboards.ca.gov/water_issues/programs/tmdl/records/region_8/2010/ref3881.zip
3882,https://waterboards.ca.gov/water_issues/programs/tmdl/records/region_9/2010/ref3882.zip
3883,https://waterboards.ca.gov/water_issues/programs/tmdl/records/region_1/2010/ref3883.zip
3884,https://waterboards.ca.gov/water_issues/programs/tmdl/records/region_9/2010/ref3884.zip
3885,https://waterboards.ca.gov/water_issues/programs/tmdl/records/region_5/2010/ref3885.zip
3886,https://waterboards.ca.gov/water_issues/programs/tmdl/records/region_5/2010/ref3886.zip
3888,https://waterboards.ca.gov/water_issues/programs/tmdl/records/region_5/2010/ref3888.zip
3889,https://waterboards.ca.gov/water_issues/programs/tmdl/records/region_5/2010/ref3889.zip
3890,https://waterboards.ca.gov/water_issues/programs/tmdl/records/region_5/2010/ref3890.zip
3891,https://waterboards.ca.gov/water_issues/programs/tmdl/records/region_5/2010/ref3891.zip
3892,https://waterboards.ca.gov/water_issues/programs/tmdl/records/region_5/2010/ref3892.zip
3893,https://waterboards.ca.gov/water_issues/programs/tmdl/records/region_5/2010/ref3893.zip
3894,https://waterboards.ca.gov/water_issues/programs/tmdl/records/region_5/2010/ref3894.zip
3895,https://waterboards.ca.gov/water_issues/programs/tmdl/records/region_5/2010/ref3895.zip
3896,https://waterboards.ca.gov/water_issues/programs/tmdl/records/region_5/2010/ref3896.zip
3897,https://waterboards.ca.gov/water_issues/programs/tmdl/records/region_5/2010/ref3897.zip
3898,https://waterboards.ca.gov/water_issues/programs/tmdl/records/region_5/2010/ref3898.zip
3899,https://waterboards.ca.gov/water_issues/programs/tmdl/records/region_5/2010/ref3899.zip
3900,https://waterboards.ca.gov/water_issues/programs/tmdl/records/region_5/2010/ref3900.zip
3901,https://waterboards.ca.gov/water_issues/programs/tmdl/records/region_5/2010/ref3901.zip
3902,https://waterboards.ca.gov/water_issues/programs/tmdl/records/region_1/2010/ref3902.zip
3904,https://waterboards.ca.gov/water_issues/programs/tmdl/records/region_1/2010/ref3904.xls
3905,https://waterboards.ca.gov/water_issues/programs/tmdl/records/region_2/2010/ref3905.xls
3906,https://waterboards.ca.gov/water_issues/programs/tmdl/records/region_3/2010/ref3906.xls
3907,https://waterboards.ca.gov/water_issues/programs/tmdl/records/region_4/2010/ref3907.zip
3908,https://waterboards.ca.gov/water_issues/programs/tmdl/records/region_8/2010/ref3908.zip
3909,https://waterboards.ca.gov/water_issues/programs/tmdl/records/region_9/2010/ref3909.xlsx
3910,https://waterboards.ca.gov/water_issues/programs/tmdl/records/region_1/2006/ref3910.xls
3912,https://waterboards.ca.gov/water_issues/programs/tmdl/records/region_1/2003/ref3912.xls
3913,https://waterboards.ca.gov/water_issues/programs/tmdl/records/region_1/2004/ref3913.xls
3915,https://waterboards.ca.gov/water_issues/programs/tmdl/records/region_1/2004/ref3915.xls
3949,https://waterboards.ca.gov/water_issues/programs/tmdl/records/region_8/2010/ref3949.zip
3951,https://waterboards.ca.gov/water_issues/programs/tmdl/records/region_1/2010/ref3951.zip
3954,https://waterboards.ca.gov/water_issues/programs/tmdl/records/region_4/2010/ref3954.zip
3956,https://waterboards.ca.gov/water_issues/programs/tmdl/records/region_4/2010/ref3956.zip
3957,https://waterboards.ca.gov/water_issues/programs/tmdl/records/region_4/2010/ref3957.zip
3958,https://waterboards.ca.gov/water_issues/programs/tmdl/records/region_4/2010/ref3958.zip
3959,https://waterboards.ca.gov/water_issues/programs/tmdl/records/region_4/2010/ref3959.zip
3962,https://waterboards.ca.gov/water_issues/programs/tmdl/records/region_5/2010/ref3962.zip
3964,https://waterboards.ca.gov/water_issues/programs/tmdl/records/region_5/2010/ref3964.zip
3966,https://waterboards.ca.gov/water_issues/programs/tmdl/records/region_4/2010/ref3966.zip
3968,https://waterboards.ca.gov/water_issues/programs/tmdl/records/region_9/2010/ref3968.zip
3969,https://waterboards.ca.gov/water_issues/programs/tmdl/records/region_8/2010/ref3969.zip
3971,https://waterboards.ca.gov/water_issues/programs/tmdl/records/region_4/2010/ref3971.zip
3973,https://waterboards.ca.gov/water_issues/programs/tmdl/records/region_9/2010/ref3973.zip
3975,https://waterboards.ca.gov/water_issues/programs/tmdl/records/region_8/2010/ref3975.zip
3977,https://waterboards.ca.gov/water_issues/programs/tmdl/records/region_4/2010/ref3977.zip
3979,https://waterboards.ca.gov/water_issues/programs/tmdl/records/region_5/2010/ref3979.zip
3981,https://waterboards.ca.gov/water_issues/programs/tmdl/records/region_9/2010/ref3981.zip
3990,https://waterboards.ca.gov/water_issues/programs/tmdl/records/region_1/2012/ref3990.pdf
3992,https://waterboards.ca.gov/water_issues/programs/tmdl/records/region_5/2010/ref3992.zip
3994,https://waterboards.ca.gov/water_issues/programs/tmdl/records/region_9/2010/ref3994.zip
3995,https://waterboards.ca.gov/water_issues/programs/tmdl/records/region_8/2010/ref3995.zip
3996,https://waterboards.ca.gov/water_issues/programs/tmdl/records/region_8/2010/ref3996.zip
3997,https://waterboards.ca.gov/water_issues/programs/tmdl/records/region_4/2010/ref3997.zip
3999,https://waterboards.ca.gov/water_issues/programs/tmdl/records/region_9/2010/ref3999.zip
4000,https://waterboards.ca.gov/water_issues/programs/tmdl/records/region_9/2010/ref4000.zip
4002,https://waterboards.ca.gov/water_issues/programs/tmdl/records/region_4/2010/ref4002.zip
4003,https://waterboards.ca.gov/water_issues/programs/tmdl/records/region_4/2010/ref4003.zip
4004,https://waterboards.ca.gov/water_issues/programs/tmdl/records/region_4/2010/ref4004.zip
4005,https://waterboards.ca.gov/water_issues/programs/tmdl/records/state_board/2010/ref4005.zip
4007,https://waterboards.ca.gov/water_issues/programs/tmdl/records/region_9/2010/ref4007.zip
4009,https://waterboards.ca.gov/water_issues/programs/tmdl/records/region_9/2010/ref4009.zip
4011,https://waterboards.ca.gov/water_issues/programs/tmdl/records/region_9/2010/ref4011.zip
4013,https://waterboards.ca.gov/water_issues/programs/tmdl/records/region_9/2010/ref4013.zip
4015,https://waterboards.ca.gov/water_issues/programs/tmdl/records/region_9/2010/ref4015.zip
4017,https://waterboards.ca.gov/water_issues/programs/tmdl/records/region_9/2010/ref4017.zip
4021,https://waterboards.ca.gov/water_issues/programs/tmdl/records/region_9/2010/ref4021.zip
4023,https://waterboards.ca.gov/water_issues/programs/tmdl/records/region_9/2010/ref4023.zip
4027,https://waterboards.ca.gov/water_issues/programs/tmdl/records/region_9/2010/ref4027.zip
4031,https://waterboards.ca.gov/water_issues/programs/tmdl/records/region_9/2010/ref4031.zip
4033,https://waterboards.ca.gov/water_issues/programs/tmdl/records/region_9/2010/ref4033.zip
4042,https://waterboards.ca.gov/water_issues/programs/tmdl/records/region_4/2010/ref4042.zip
4046,https://waterboards.ca.gov/water_issues/programs/tmdl/records/region_4/2010/ref4046.zip
4049,https://waterboards.ca.gov/water_issues/programs/tmdl/records/region_4/2010/ref4049.zip
4050,https://waterboards.ca.gov/water_issues/programs/tmdl/records/region_9/2010/ref4050.zip
4057,https://waterboards.ca.gov/water_issues/programs/tmdl/records/region_5/2010/ref4057.zip
4064,https://waterboards.ca.gov/water_issues/programs/tmdl/records/region_5/2010/ref4064.zip
4068,https://waterboards.ca.gov/water_issues/programs/tmdl/records/region_4/2010/ref4068.zip
4070,https://waterboards.ca.gov/water_issues/programs/tmdl/records/region_4/2010/ref4070.zip
4072,https://waterboards.ca.gov/water_issues/programs/tmdl/records/region_4/2010/ref4072.zip
4076,https://waterboards.ca.gov/water_issues/programs/tmdl/records/region_1/2007/ref4076.pdf
4077,https://waterboards.ca.gov/water_issues/programs/tmdl/records/region_1/2010/ref4077.pdf
4082,https://waterboards.ca.gov/water_issues/programs/tmdl/records/region_1/2013/ref4082.pdf
4091,https://waterboards.ca.gov/water_issues/programs/tmdl/records/state_board/2013/ref4091.pdf
4092,https://waterboards.ca.gov/water_issues/programs/tmdl/records/state_board/2013/ref4092.pdf
4095,https://waterboards.ca.gov/water_issues/programs/tmdl/records/region_1/2010/ref4095.zip
4101,https://waterboards.ca.gov/water_issues/programs/tmdl/records/region_1/2013/ref4101.pdf
4109,https://waterboards.ca.gov/water_issues/programs/tmdl/records/region_1/2010/ref4109.zip
4113,https://waterboards.ca.gov/water_issues/programs/tmdl/records/region_1/2013/ref4113.zip
4115,https://waterboards.ca.gov/water_issues/programs/tmdl/records/region_5/2012/ref4115.zip
4116,https://waterboards.ca.gov/water_issues/programs/tmdl/records/region_1/2013/ref4116.pdf
4125,https://waterboards.ca.gov/water_issues/programs/tmdl/records/state_board/2010/ref4125.pdf
4164,https://waterboards.ca.gov/water_issues/programs/tmdl/records/region_3/2014/ref4164.pdf
4254,https://waterboards.ca.gov/water_issues/programs/tmdl/records/region_3/2014/ref4254.pdf
4278,https://waterboards.ca.gov/water_issues/programs/tmdl/records/region_3/2015/ref4278.pdf
4279,https://waterboards.ca.gov/water_issues/programs/tmdl/records/region_3/2015/ref4279.xls
4280,https://waterboards.ca.gov/water_issues/programs/tmdl/records/region_5/2015/ref4280.pdf
4284,
4285,S:DWQ/DIV/WQSA/Integrated Report/References/state_board/All SB Files/ref4285.pdf
4288,https://waterboards.ca.gov/water_issues/programs/tmdl/records/region_3/2015/ref4288.zip
4291,https://waterboards.ca.gov/water_issues/programs/tmdl/records/state_board/2009/ref4291.pdf
4293,https://waterboards.ca.gov/water_issues/programs/tmdl/records/region_2/2014/ref4293.pdf
4296,https://waterboards.ca.gov/water_issues/programs/tmdl/records/state_board/2016/ref4296.pdf
4307,https://waterboards.ca.gov/water_issues/programs/tmdl/records/region_3/2016/ref4307.pdf
4310,https://waterboards.ca.gov/water_issues/programs/tmdl/records/region_9/2016/ref4310.xls
4314,https://waterboards.ca.gov/water_issues/programs/tmdl/records/region_9/2016/ref4314.xlsx
4315,https://waterboards.ca.gov/water_issues/programs/tmdl/records/region_8/2016/ref4315.zip
4317,S:DWQ/DIV/WQSA/Integrated Report/References/state_board/All SB Files/ref4317.zip
4322,https://waterboards.ca.gov/water_issues/programs/tmdl/records/region_5/2009/ref4322.zip
4325,https://waterboards.ca.gov/water_issues/programs/tmdl/records/region_5/2010/ref4325.zip
4326,https://waterboards.ca.gov/water_issues/programs/tmdl/records/region_5/2010/ref4326.zip
4327,https://waterboards.ca.gov/water_issues/programs/tmdl/records/region_5/2016/ref4327.pdf
4330,https://waterboards.ca.gov/water_issues/programs/tmdl/records/region_5/1998/ref4330.pdf
4332,https://waterboards.ca.gov/water_issues/programs/tmdl/records/region_9/2016/ref4332.xlsx
4334,https://waterboards.ca.gov/water_issues/programs/tmdl/records/region_8/2016/ref4334.xlsx
4341,https://waterboards.ca.gov/water_issues/programs/tmdl/records/region_2/2003/ref4341.pdf
4342,https://waterboards.ca.gov/water_issues/programs/tmdl/records/region_2/2016/ref4342.pdf
4350,https://waterboards.ca.gov/water_issues/programs/tmdl/records/region_2/2017/ref4350.pdf
4351,https://waterboards.ca.gov/water_issues/programs/tmdl/records/region_2/2017/ref4351.zip
4352,https://waterboards.ca.gov/water_issues/programs/tmdl/records/region_8/2010/ref4352.pdf
4354,S:DWQ/DIV/WQSA/Integrated Report/PRAs/PRA 796/Data and Information/ref4354/ref4354.pdf
4382,https://waterboards.ca.gov/water_issues/programs/tmdl/records/region_6/2017/ref4382.xlsx
4383,https://waterboards.ca.gov/water_issues/programs/tmdl/records/region_6/2017/ref4383.zip
4385,https://waterboards.ca.gov/water_issues/programs/tmdl/records/region_6/2017/ref4385.zip
4386,https://waterboards.ca.gov/water_issues/programs/tmdl/records/region_6/2017/ref4386.zip
4387,https://waterboards.ca.gov/water_issues/programs/tmdl/records/region_6/2017/ref4387.zip
4389,https://waterboards.ca.gov/water_issues/programs/tmdl/records/region_6/2017/ref4389.zip
4390,https://waterboards.ca.gov/water_issues/programs/tmdl/records/region_6/2017/ref4390.zip
4391,https://waterboards.ca.gov/water_issues/programs/tmdl/records/region_6/2017/ref4391.zip
4392,https://waterboards.ca.gov/water_issues/programs/tmdl/records/region_6/2017/ref4392.xlsx
4393,https://waterboards.ca.gov/water_issues/programs/tmdl/records/region_6/2017/ref4393.zip
4394,https://waterboards.ca.gov/water_issues/programs/tmdl/records/region_6/2017/ref4394.xlsx
4395,https://waterboards.ca.gov/water_issues/programs/tmdl/records/region_6/2017/ref4395.xlsx
4397,https://waterboards.ca.gov/water_issues/programs/tmdl/records/region_6/2017/ref4397.xlsx
4400,https://waterboards.ca.gov/water_issues/programs/tmdl/records/region_6/2017/ref4400.zip
4401,https://waterboards.ca.gov/water_issues/programs/tmdl/records/region_6/2017/ref4401.xlsx
4402,https://waterboards.ca.gov/water_issues/programs/tmdl/records/region_6/2017/ref4402.xlsx
4404,https://waterboards.ca.gov/water_issues/programs/tmdl/records/region_6/2017/ref4404.zip
4405,https://waterboards.ca.gov/water_issues/programs/tmdl/records/region_6/2017/ref4405.xlsx
4406,https://waterboards.ca.gov/water_issues/programs/tmdl/records/region_6/2017/ref4406.zip
4407,https://waterboards.ca.gov/water_issues/programs/tmdl/records/region_6/2017/ref4407.zip
4408,https://waterboards.ca.gov/water_issues/programs/tmdl/records/region_7/2017/ref4408.zip
4409,https://waterboards.ca.gov/water_issues/programs/tmdl/records/region_7/2017/ref4409.zip
4410,https://waterboards.ca.gov/water_issues/programs/tmdl/records/region_7/2017/ref4410.zip
4411,https://waterboards.ca.gov/water_issues/programs/tmdl/records/region_7/2017/ref4411.zip
4412,https://waterboards.ca.gov/water_issues/programs/tmdl/records/region_7/2017/ref4412.zip
4413,https://waterboards.ca.gov/water_issues/programs/tmdl/records/region_7/2017/ref4413.zip
4414,https://waterboards.ca.gov/water_issues/programs/tmdl/records/region_7/2017/ref4414.xlsx
4415,https://waterboards.ca.gov/water_issues/programs/tmdl/records/region_7/2017/ref4415.xlsx
4416,https://waterboards.ca.gov/water_issues/programs/tmdl/records/region_1/2017/ref4416.xlsx
4421,https://waterboards.ca.gov/water_issues/programs/tmdl/records/region_6/2017/ref4421.xlsx
4422,https://waterboards.ca.gov/water_issues/programs/tmdl/records/region_7/2017/ref4422.xlsx
4425,https://waterboards.ca.gov/water_issues/programs/tmdl/records/region_1/2017/ref4425.xlsx
4429,https://waterboards.ca.gov/water_issues/programs/tmdl/records/region_6/2017/ref4429.xlsx
4430,https://waterboards.ca.gov/water_issues/programs/tmdl/records/region_7/2017/ref4430.xlsx
4433,https://waterboards.ca.gov/water_issues/programs/tmdl/records/region_6/2017/ref4433.xlsx
4434,https://waterboards.ca.gov/water_issues/programs/tmdl/records/region_6/2017/ref4434.zip
4435,https://waterboards.ca.gov/water_issues/programs/tmdl/records/region_6/2017/ref4435.xlsx
4436,https://waterboards.ca.gov/water_issues/programs/tmdl/records/region_1/2017/ref4436.xlsx
4440,https://waterboards.ca.gov/water_issues/programs/tmdl/records/region_1/2017/ref4440.zip
4441,https://waterboards.ca.gov/water_issues/programs/tmdl/records/region_1/2017/ref4441.zip
4442,https://waterboards.ca.gov/water_issues/programs/tmdl/records/region_1/2017/ref4442.xlsx
4443,https://waterboards.ca.gov/water_issues/programs/tmdl/records/region_1/2017/ref4443.xlsx
4448,https://waterboards.ca.gov/water_issues/programs/tmdl/records/region_1/2017/ref4448.xlsx
4449,https://waterboards.ca.gov/water_issues/programs/tmdl/records/region_1/2017/ref4449.zip
4450,https://waterboards.ca.gov/water_issues/programs/tmdl/records/region_1/2017/ref4450.zip
4451,https://waterboards.ca.gov/water_issues/programs/tmdl/records/region_1/2017/ref4451.zip
4452,https://waterboards.ca.gov/water_issues/programs/tmdl/records/region_1/2017/ref4452.zip
4453,https://waterboards.ca.gov/water_issues/programs/tmdl/records/region_1/2017/ref4453.zip
4454,https://waterboards.ca.gov/water_issues/programs/tmdl/records/region_1/2017/ref4454.zip
4455,https://waterboards.ca.gov/water_issues/programs/tmdl/records/region_1/2017/ref4455.zip
4456,https://waterboards.ca.gov/water_issues/programs/tmdl/records/region_1/2017/ref4456.zip
4458,https://waterboards.ca.gov/water_issues/programs/tmdl/records/region_1/2017/ref4458.zip
4459,https://waterboards.ca.gov/water_issues/programs/tmdl/records/region_1/2017/ref4459.zip
4460,https://waterboards.ca.gov/water_issues/programs/tmdl/records/region_1/2017/ref4460.xlsx
4503,https://waterboards.ca.gov/water_issues/programs/tmdl/records/region_2/2017/ref4503.csv
4513,https://waterboards.ca.gov/water_issues/programs/tmdl/records/state_board/2005/ref4513.docx
4527,S:DWQ/DIV/WQSA/Integrated Report/References/region_1/All R1 Files/ref4527.pdf
4539,https://waterboards.ca.gov/water_issues/programs/tmdl/records/region_5/2017/ref4539.zip
4544,https://waterboards.ca.gov/water_issues/programs/tmdl/records/region_5/2017/ref4544.zip
4551,https://waterboards.ca.gov/water_issues/programs/tmdl/records/region_5/2017/ref4551.zip
4553,https://waterboards.ca.gov/water_issues/programs/tmdl/records/region_5/2017/ref4553.zip
4554,https://waterboards.ca.gov/water_issues/programs/tmdl/records/region_5/2017/ref4554.zip
4559,https://waterboards.ca.gov/water_issues/programs/tmdl/records/region_5/2017/ref4559.zip
4561,https://waterboards.ca.gov/water_issues/programs/tmdl/records/region_5/2017/ref4561.zip
4567,https://waterboards.ca.gov/water_issues/programs/tmdl/records/region_5/2017/ref4567.zip
4584,https://waterboards.ca.gov/water_issues/programs/tmdl/records/region_2/2018/ref4584.pdf
4592,https://waterboards.ca.gov/water_issues/programs/tmdl/records/state_board/2019/ref4592.pdf
4593,https://waterboards.ca.gov/water_issues/programs/tmdl/records/region_1/2018/ref4593.xlsx
4594,https://waterboards.ca.gov/water_issues/programs/tmdl/records/region_1/2018/ref4594.xlsx
4597,https://waterboards.ca.gov/water_issues/programs/tmdl/records/state_board/2018/ref4597.pdf
4599,https://waterboards.ca.gov/water_issues/programs/tmdl/records/state_board/2017/ref4599.pdf
4600,https://waterboards.ca.gov/water_issues/programs/tmdl/records/region_5/2019/ref4600.pdf
4603,
4608,
4610,https://waterboards.ca.gov/water_issues/programs/tmdl/records/region_9/2019/ref4610.xlsx
4614,https://waterboards.ca.gov/water_issues/programs/tmdl/records/region_1/2017/ref4614.zip
4619,https://waterboards.ca.gov/water_issues/programs/tmdl/records/region_1/2015/ref4619.xlsx
4626,
4627,
4708,https://waterboards.ca.gov/water_issues/programs/tmdl/records/region_3/2019/ref4708.xlsx
4718,https://waterboards.ca.gov/water_issues/programs/tmdl/records/region_3/2019/ref4718.xlsx
4720,https://waterboards.ca.gov/water_issues/programs/tmdl/records/region_3/2019/ref4720.xlsx
4724,https://waterboards.ca.gov/water_issues/programs/tmdl/records/region_3/2019/ref4724.xlsx
4727,https://waterboards.ca.gov/water_issues/programs/tmdl/records/region_3/2019/ref4727.xlsx
4729,https://waterboards.ca.gov/water_issues/programs/tmdl/records/region_3/2019/ref4729.xlsx
4734,https://waterboards.ca.gov/water_issues/programs/tmdl/records/region_3/2019/ref4734.xlsx
4736,https://waterboards.ca.gov/water_issues/programs/tmdl/records/region_3/2019/ref4736.xlsx
4741,https://waterboards.ca.gov/water_issues/programs/tmdl/records/region_3/2019/ref4741.xlsx
4743,
4744,https://waterboards.ca.gov/water_issues/programs/tmdl/records/region_3/2019/ref4744.xlsx
4750,https://waterboards.ca.gov/water_issues/programs/tmdl/records/region_3/2019/ref4750.xlsx
4751,https://waterboards.ca.gov/water_issues/programs/tmdl/records/region_3/2019/ref4751.xlsx
4753,https://waterboards.ca.gov/water_issues/programs/tmdl/records/region_3/2019/ref4753.xlsx
4754,https://waterboards.ca.gov/water_issues/programs/tmdl/records/region_3/2019/ref4754.xlsx
4755,https://waterboards.ca.gov/water_issues/programs/tmdl/records/region_3/2019/ref4755.xlsx
4757,https://waterboards.ca.gov/water_issues/programs/tmdl/records/region_3/2019/ref4757.xlsx
4758,https://waterboards.ca.gov/water_issues/programs/tmdl/records/region_3/2019/ref4758.xlsx
4759,https://waterboards.ca.gov/water_issues/programs/tmdl/records/region_3/2019/ref4759.xlsx
4764,https://waterboards.ca.gov/water_issues/programs/tmdl/records/region_3/2019/ref4764.xlsx
4765,https://waterboards.ca.gov/water_issues/programs/tmdl/records/region_3/2019/ref4765.xlsx
4770,https://waterboards.ca.gov/water_issues/programs/tmdl/records/region_3/2019/ref4770.xlsx
4774,https://waterboards.ca.gov/water_issues/programs/tmdl/records/region_3/2019/ref4774.xlsx
4775,https://waterboards.ca.gov/water_issues/programs/tmdl/records/region_3/2019/ref4775.xlsx
4777,https://waterboards.ca.gov/water_issues/programs/tmdl/records/region_3/2019/ref4777.xlsx
4781,https://waterboards.ca.gov/water_issues/programs/tmdl/records/region_3/2019/ref4781.xlsx
4783,https://waterboards.ca.gov/water_issues/programs/tmdl/records/region_3/2019/ref4783.xlsx
4784,https://waterboards.ca.gov/water_issues/programs/tmdl/records/region_3/2019/ref4784.xlsx
4789,https://waterboards.ca.gov/water_issues/programs/tmdl/records/region_3/2019/ref4789.xlsx
4793,https://waterboards.ca.gov/water_issues/programs/tmdl/records/region_3/2019/ref4793.xlsx
4794,https://waterboards.ca.gov/water_issues/programs/tmdl/records/region_3/2019/ref4794.xlsx
4795,https://waterboards.ca.gov/water_issues/programs/tmdl/records/region_3/2019/ref4795.xlsx
4796,https://waterboards.ca.gov/water_issues/programs/tmdl/records/region_3/2019/ref4796.xlsx
4798,https://waterboards.ca.gov/water_issues/programs/tmdl/records/region_3/2019/ref4798.xlsx
4805,https://waterboards.ca.gov/water_issues/programs/tmdl/records/region_3/2019/ref4805.xlsx
4807,https://waterboards.ca.gov/water_issues/programs/tmdl/records/region_3/2019/ref4807.xlsx
4808,https://waterboards.ca.gov/water_issues/programs/tmdl/records/region_3/2019/ref4808.xlsx
4818,https://waterboards.ca.gov/water_issues/programs/tmdl/records/region_3/2019/ref4818.xlsx
4819,https://waterboards.ca.gov/water_issues/programs/tmdl/records/region_3/2019/ref4819.xlsx
4822,https://waterboards.ca.gov/water_issues/programs/tmdl/records/region_3/2019/ref4822.xlsx
4824,https://waterboards.ca.gov/water_issues/programs/tmdl/records/region_3/2019/ref4824.xlsx
4826,https://waterboards.ca.gov/water_issues/programs/tmdl/records/region_3/2019/ref4826.xlsx
4828,https://waterboards.ca.gov/water_issues/programs/tmdl/records/region_3/2019/ref4828.xlsx
4830,https://waterboards.ca.gov/water_issues/programs/tmdl/records/region_5/2019/ref4830.xlsx
4833,https://waterboards.ca.gov/water_issues/programs/tmdl/records/region_5/2019/ref4833.xlsx
4839,https://waterboards.ca.gov/water_issues/programs/tmdl/records/region_5/2019/ref4839.xlsx
4840,https://waterboards.ca.gov/water_issues/programs/tmdl/records/region_5/2019/ref4840.xlsx
4842,https://waterboards.ca.gov/water_issues/programs/tmdl/records/region_5/2019/ref4842.xlsx
4845,
4851,https://waterboards.ca.gov/water_issues/programs/tmdl/records/region_5/2019/ref4851.xlsx
4859,https://waterboards.ca.gov/water_issues/programs/tmdl/records/region_5/2019/ref4859.xlsx
4861,https://waterboards.ca.gov/water_issues/programs/tmdl/records/region_3/2019/ref4861.xlsx
4863,https://waterboards.ca.gov/water_issues/programs/tmdl/records/region_5/2019/ref4863.xlsx
4864,https://waterboards.ca.gov/water_issues/programs/tmdl/records/region_5/2019/ref4864.xlsx
4865,https://waterboards.ca.gov/water_issues/programs/tmdl/records/region_5/2019/ref4865.xlsx
4866,https://waterboards.ca.gov/water_issues/programs/tmdl/records/region_5/2019/ref4866.xlsx
4867,https://waterboards.ca.gov/water_issues/programs/tmdl/records/region_5/2019/ref4867.xlsx
4868,https://waterboards.ca.gov/water_issues/programs/tmdl/records/region_5/2019/ref4868.xlsx
4869,https://waterboards.ca.gov/water_issues/programs/tmdl/records/region_5/2019/ref4869.xlsx
4870,https://waterboards.ca.gov/water_issues/programs/tmdl/records/region_5/2019/ref4870.xlsx
4871,https://waterboards.ca.gov/water_issues/programs/tmdl/records/region_5/2019/ref4871.xlsx
4872,https://waterboards.ca.gov/water_issues/programs/tmdl/records/region_5/2019/ref4872.xlsx
4873,https://waterboards.ca.gov/water_issues/programs/tmdl/records/region_5/2019/ref4873.xlsx
4874,https://waterboards.ca.gov/water_issues/programs/tmdl/records/region_5/2019/ref4874.xlsx
4875,https://waterboards.ca.gov/water_issues/programs/tmdl/records/region_5/2019/ref4875.xlsx
4878,https://waterboards.ca.gov/water_issues/programs/tmdl/records/region_5/2019/ref4878.xlsx
4879,https://waterboards.ca.gov/water_issues/programs/tmdl/records/region_5/2019/ref4879.xlsx
4880,https://waterboards.ca.gov/water_issues/programs/tmdl/records/region_5/2019/ref4880.xlsx
4881,https://waterboards.ca.gov/water_issues/programs/tmdl/records/region_5/2019/ref4881.xlsx
4882,https://waterboards.ca.gov/water_issues/programs/tmdl/records/region_5/2019/ref4882.xlsx
4883,https://waterboards.ca.gov/water_issues/programs/tmdl/records/region_5/2019/ref4883.xlsx
4884,https://waterboards.ca.gov/water_issues/programs/tmdl/records/region_5/2019/ref4884.xlsx
4885,https://waterboards.ca.gov/water_issues/programs/tmdl/records/region_5/2019/ref4885.xlsx
4886,https://waterboards.ca.gov/water_issues/programs/tmdl/records/region_5/2019/ref4886.xlsx
4887,https://waterboards.ca.gov/water_issues/programs/tmdl/records/region_5/2019/ref4887.xlsx
4892,https://waterboards.ca.gov/water_issues/programs/tmdl/records/region_5/2019/ref4892.xlsx
4893,https://waterboards.ca.gov/water_issues/programs/tmdl/records/region_5/2019/ref4893.xlsx
4894,https://waterboards.ca.gov/water_issues/programs/tmdl/records/region_5/2019/ref4894.xlsx
4895,https://waterboards.ca.gov/water_issues/programs/tmdl/records/region_5/2019/ref4895.xlsx
4896,https://waterboards.ca.gov/water_issues/programs/tmdl/records/region_5/2019/ref4896.xlsx
4898,https://waterboards.ca.gov/water_issues/programs/tmdl/records/region_5/2019/ref4898.xlsx
4899,https://waterboards.ca.gov/water_issues/programs/tmdl/records/region_5/2019/ref4899.xlsx
4900,https://waterboards.ca.gov/water_issues/programs/tmdl/records/region_5/2019/ref4900.xlsx
4902,https://waterboards.ca.gov/water_issues/programs/tmdl/records/region_5/2019/ref4902.xlsx
4904,https://waterboards.ca.gov/water_issues/programs/tmdl/records/region_5/2019/ref4904.xlsx
4907,https://waterboards.ca.gov/water_issues/programs/tmdl/records/region_5/2019/ref4907.xlsx
4909,https://waterboards.ca.gov/water_issues/programs/tmdl/records/region_5/2019/ref4909.xlsx
4910,https://waterboards.ca.gov/water_issues/programs/tmdl/records/region_5/2019/ref4910.xlsx
4911,https://waterboards.ca.gov/water_issues/programs/tmdl/records/region_5/2019/ref4911.xlsx
4912,https://waterboards.ca.gov/water_issues/programs/tmdl/records/region_5/2019/ref4912.xlsx
4913,https://waterboards.ca.gov/water_issues/programs/tmdl/records/region_5/2019/ref4913.xlsx
4914,https://waterboards.ca.gov/water_issues/programs/tmdl/records/region_5/2019/ref4914.xlsx
4915,https://waterboards.ca.gov/water_issues/programs/tmdl/records/region_5/2019/ref4915.xlsx
4916,https://waterboards.ca.gov/water_issues/programs/tmdl/records/region_5/2019/ref4916.xlsx
4917,https://waterboards.ca.gov/water_issues/programs/tmdl/records/region_5/2019/ref4917.xlsx
4919,https://waterboards.ca.gov/water_issues/programs/tmdl/records/region_5/2019/ref4919.xlsx
4920,https://waterboards.ca.gov/water_issues/programs/tmdl/records/region_5/2019/ref4920.xlsx
4921,https://waterboards.ca.gov/water_issues/programs/tmdl/records/region_5/2019/ref4921.xlsx
4922,https://waterboards.ca.gov/water_issues/programs/tmdl/records/region_5/2019/ref4922.xlsx
4923,https://waterboards.ca.gov/water_issues/programs/tmdl/records/region_5/2019/ref4923.xlsx
4925,https://waterboards.ca.gov/water_issues/programs/tmdl/records/region_5/2019/ref4925.xlsx
4926,https://waterboards.ca.gov/water_issues/programs/tmdl/records/region_5/2019/ref4926.xlsx
4928,https://waterboards.ca.gov/water_issues/programs/tmdl/records/region_5/2019/ref4928.xlsx
4931,https://waterboards.ca.gov/water_issues/programs/tmdl/records/region_5/2019/ref4931.xlsx
4932,https://waterboards.ca.gov/water_issues/programs/tmdl/records/region_5/2019/ref4932.xlsx
4934,https://waterboards.ca.gov/water_issues/programs/tmdl/records/region_5/2019/ref4934.xlsx
4935,https://waterboards.ca.gov/water_issues/programs/tmdl/records/region_5/2019/ref4935.xlsx
4936,https://waterboards.ca.gov/water_issues/programs/tmdl/records/region_5/2019/ref4936.xlsx
4937,https://waterboards.ca.gov/water_issues/programs/tmdl/records/region_5/2019/ref4937.xlsx
4938,
4940,https://waterboards.ca.gov/water_issues/programs/tmdl/records/region_5/2019/ref4940.xlsx
4941,https://waterboards.ca.gov/water_issues/programs/tmdl/records/region_5/2019/ref4941.xlsx
4942,https://waterboards.ca.gov/water_issues/programs/tmdl/records/region_5/2019/ref4942.xlsx
4943,https://waterboards.ca.gov/water_issues/programs/tmdl/records/region_5/2019/ref4943.xlsx
4944,https://waterboards.ca.gov/water_issues/programs/tmdl/records/region_5/2019/ref4944.xlsx
4946,https://waterboards.ca.gov/water_issues/programs/tmdl/records/region_5/2019/ref4946.xlsx
4947,https://waterboards.ca.gov/water_issues/programs/tmdl/records/region_5/2019/ref4947.xlsx
4948,https://waterboards.ca.gov/water_issues/programs/tmdl/records/region_5/2019/ref4948.xlsx
4949,https://waterboards.ca.gov/water_issues/programs/tmdl/records/region_5/2019/ref4949.xlsx
4950,https://waterboards.ca.gov/water_issues/programs/tmdl/records/region_5/2019/ref4950.xlsx
4951,https://waterboards.ca.gov/water_issues/programs/tmdl/records/region_5/2019/ref4951.xlsx
4952,https://waterboards.ca.gov/water_issues/programs/tmdl/records/region_5/2019/ref4952.xlsx
4953,https://waterboards.ca.gov/water_issues/programs/tmdl/records/region_5/2019/ref4953.xlsx
4954,https://waterboards.ca.gov/water_issues/programs/tmdl/records/region_5/2019/ref4954.xlsx
4955,https://waterboards.ca.gov/water_issues/programs/tmdl/records/region_5/2019/ref4955.xlsx
4956,https://waterboards.ca.gov/water_issues/programs/tmdl/records/region_5/2019/ref4956.xlsx
4958,https://waterboards.ca.gov/water_issues/programs/tmdl/records/region_5/2019/ref4958.xlsx
4959,https://waterboards.ca.gov/water_issues/programs/tmdl/records/region_5/2019/ref4959.xlsx
4960,https://waterboards.ca.gov/water_issues/programs/tmdl/records/region_5/2019/ref4960.xlsx
4961,https://waterboards.ca.gov/water_issues/programs/tmdl/records/region_5/2019/ref4961.xlsx
4962,https://waterboards.ca.gov/water_issues/programs/tmdl/records/region_5/2019/ref4962.xlsx
4963,https://waterboards.ca.gov/water_issues/programs/tmdl/records/region_5/2019/ref4963.xlsx
4964,https://waterboards.ca.gov/water_issues/programs/tmdl/records/region_5/2019/ref4964.xlsx
4966,https://waterboards.ca.gov/water_issues/programs/tmdl/records/region_5/2019/ref4966.xlsx
4967,https://waterboards.ca.gov/water_issues/programs/tmdl/records/region_5/2019/ref4967.xlsx
4968,https://waterboards.ca.gov/water_issues/programs/tmdl/records/region_5/2019/ref4968.xlsx
4969,https://waterboards.ca.gov/water_issues/programs/tmdl/records/region_5/2019/ref4969.xlsx
4995,https://waterboards.ca.gov/water_issues/programs/tmdl/records/region_3/2019/ref4995.zip
5002,https://waterboards.ca.gov/water_issues/programs/tmdl/records/region_9/2019/ref5002.zip
5027,S:DWQ/DIV/WQSA/Integrated Report/2020-2022 Integrated Report/Region 3/References/Data/ref5027.xlsx
5028,S:DWQ/DIV/WQSA/Integrated Report/2020-2022 Integrated Report/Region 3/References/Data/ref5028.xlsx
5029,S:DWQ/DIV/WQSA/Integrated Report/2020-2022 Integrated Report/Region 3/References/Data/ref5029.xlsx
5030,S:DWQ/DIV/WQSA/Integrated Report/2020-2022 Integrated Report/Region 3/References/Data/ref5030.xlsx
5035,S:DWQ/DIV/WQSA/Integrated Report/2020-2022 Integrated Report/Region 3/References/Data/ref5035.xlsx
5054,https://waterboards.ca.gov/water_issues/programs/tmdl/records/region_1/2017/ref5054.pdf
5055,https://waterboards.ca.gov/water_issues/programs/tmdl/records/region_9/2019/ref5055.xlsx
5056,https://waterboards.ca.gov/water_issues/programs/tmdl/records/region_7/2019/ref5056.pdf
5060,https://waterboards.ca.gov/water_issues/programs/tmdl/records/region_7/2020/ref5060.pdf
5061,https://waterboards.ca.gov/water_issues/programs/tmdl/records/region_7/2019/ref5061.zip
5064,
5065,
5069,https://waterboards.ca.gov/water_issues/programs/tmdl/records/region_5/2019/ref5069.zip
5073,https://waterboards.ca.gov/water_issues/programs/tmdl/records/region_5/2021/ref5073.xlsx
5074,https://waterboards.ca.gov/water_issues/programs/tmdl/records/region_5/2021/ref5074.xlsx
5075,https://waterboards.ca.gov/water_issues/programs/tmdl/records/region_5/2019/ref5075.xlsx
5076,S:DWQ/DIV/WQSA/Integrated Report/2020-2022 Integrated Report/References/Data Used References/Data/ref5076.xlsx
5077,https://waterboards.ca.gov/water_issues/programs/tmdl/records/region_3/2021/ref5077.xlsx
5078,https://waterboards.ca.gov/water_issues/programs/tmdl/records/region_5/2021/ref5078.xlsx
5082,https://waterboards.ca.gov/water_issues/programs/tmdl/records/region_2/2020/ref5082.xlsx
5083,https://waterboards.ca.gov/water_issues/programs/tmdl/records/region_2/2020/ref5083.xlsx
5084,https://waterboards.ca.gov/water_issues/programs/tmdl/records/region_2/2020/ref5084.xlsx
5085,https://waterboards.ca.gov/water_issues/programs/tmdl/records/region_2/2020/ref5085.xlsx
5086,https://waterboards.ca.gov/water_issues/programs/tmdl/records/region_2/2020/ref5086.xlsx
5087,https://waterboards.ca.gov/water_issues/programs/tmdl/records/region_2/2020/ref5087.xlsx
5088,https://waterboards.ca.gov/water_issues/programs/tmdl/records/region_2/2020/ref5088.xlsx
5089,https://waterboards.ca.gov/water_issues/programs/tmdl/records/region_2/2020/ref5089.xlsx
5090,https://waterboards.ca.gov/water_issues/programs/tmdl/records/region_2/2020/ref5090.xlsx
5091,https://waterboards.ca.gov/water_issues/programs/tmdl/records/region_2/2020/ref5091.xlsx
5092,https://waterboards.ca.gov/water_issues/programs/tmdl/records/region_2/2020/ref5092.xlsx
5093,https://waterboards.ca.gov/water_issues/programs/tmdl/records/region_2/2020/ref5093.xlsx
5094,https://waterboards.ca.gov/water_issues/programs/tmdl/records/region_2/2020/ref5094.xlsx
5095,https://waterboards.ca.gov/water_issues/programs/tmdl/records/region_2/2020/ref5095.xlsx
5099,https://waterboards.ca.gov/water_issues/programs/tmdl/records/region_2/2020/ref5099.xlsx
5100,https://waterboards.ca.gov/water_issues/programs/tmdl/records/region_2/2020/ref5100.xlsx
5102,https://waterboards.ca.gov/water_issues/programs/tmdl/records/region_2/2020/ref5102.xlsx
5117,https://waterboards.ca.gov/water_issues/programs/tmdl/records/region_2/2020/ref5117.xlsx
5118,https://waterboards.ca.gov/water_issues/programs/tmdl/records/region_2/2020/ref5118.xlsx
5119,https://waterboards.ca.gov/water_issues/programs/tmdl/records/region_2/2020/ref5119.xlsx
5120,https://waterboards.ca.gov/water_issues/programs/tmdl/records/region_2/2020/ref5120.xlsx
5121,https://waterboards.ca.gov/water_issues/programs/tmdl/records/region_2/2020/ref5121.xlsx
5123,https://waterboards.ca.gov/water_issues/programs/tmdl/records/region_2/2020/ref5123.xlsx
5124,https://waterboards.ca.gov/water_issues/programs/tmdl/records/region_2/2020/ref5124.xlsx
5125,https://waterboards.ca.gov/water_issues/programs/tmdl/records/region_2/2020/ref5125.xlsx
5131,https://waterboards.ca.gov/water_issues/programs/tmdl/records/region_2/2020/ref5131.xlsx
5140,https://waterboards.ca.gov/water_issues/programs/tmdl/records/region_2/2020/ref5140.xlsx
5154,https://waterboards.ca.gov/water_issues/programs/tmdl/records/region_2/2020/ref5154.xlsx
5155,https://waterboards.ca.gov/water_issues/programs/tmdl/records/region_2/2020/ref5155.xlsx
5156,https://waterboards.ca.gov/water_issues/programs/tmdl/records/region_2/2020/ref5156.xlsx
5157,https://waterboards.ca.gov/water_issues/programs/tmdl/records/region_2/2020/ref5157.xlsx
5158,https://waterboards.ca.gov/water_issues/programs/tmdl/records/region_2/2020/ref5158.xlsx
5160,https://waterboards.ca.gov/water_issues/programs/tmdl/records/region_2/2020/ref5160.xlsx
5161,https://waterboards.ca.gov/water_issues/programs/tmdl/records/region_2/2020/ref5161.xlsx
5162,https://waterboards.ca.gov/water_issues/programs/tmdl/records/region_2/2020/ref5162.xlsx
5166,https://waterboards.ca.gov/water_issues/programs/tmdl/records/region_4/2020/ref5166.xlsx
5167,https://waterboards.ca.gov/water_issues/programs/tmdl/records/region_4/2020/ref5167.xlsx
5170,https://waterboards.ca.gov/water_issues/programs/tmdl/records/region_4/2020/ref5170.xlsx
5171,https://waterboards.ca.gov/water_issues/programs/tmdl/records/region_4/2020/ref5171.xlsx
5172,https://waterboards.ca.gov/water_issues/programs/tmdl/records/region_4/2020/ref5172.xlsx
5173,https://waterboards.ca.gov/water_issues/programs/tmdl/records/region_4/2020/ref5173.xlsx
5174,https://waterboards.ca.gov/water_issues/programs/tmdl/records/region_4/2020/ref5174.xlsx
5175,https://waterboards.ca.gov/water_issues/programs/tmdl/records/region_4/2020/ref5175.xlsx
5176,https://waterboards.ca.gov/water_issues/programs/tmdl/records/region_4/2020/ref5176.xlsx
5177,https://waterboards.ca.gov/water_issues/programs/tmdl/records/region_4/2020/ref5177.xlsx
5178,https://waterboards.ca.gov/water_issues/programs/tmdl/records/region_4/2020/ref5178.xlsx
5179,https://waterboards.ca.gov/water_issues/programs/tmdl/records/region_4/2020/ref5179.xlsx
5180,https://waterboards.ca.gov/water_issues/programs/tmdl/records/region_4/2020/ref5180.xlsx
5181,https://waterboards.ca.gov/water_issues/programs/tmdl/records/region_4/2020/ref5181.xlsx
5183,https://waterboards.ca.gov/water_issues/programs/tmdl/records/region_4/2020/ref5183.xlsx
5185,https://waterboards.ca.gov/water_issues/programs/tmdl/records/region_4/2020/ref5185.xlsx
5186,https://waterboards.ca.gov/water_issues/programs/tmdl/records/region_4/2020/ref5186.xlsx
5188,https://waterboards.ca.gov/water_issues/programs/tmdl/records/region_4/2020/ref5188.xlsx
5189,https://waterboards.ca.gov/water_issues/programs/tmdl/records/region_4/2020/ref5189.xlsx
5190,https://waterboards.ca.gov/water_issues/programs/tmdl/records/region_4/2020/ref5190.xlsx
5192,https://waterboards.ca.gov/water_issues/programs/tmdl/records/region_4/2020/ref5192.xlsx
5193,https://waterboards.ca.gov/water_issues/programs/tmdl/records/region_4/2020/ref5193.xlsx
5196,https://waterboards.ca.gov/water_issues/programs/tmdl/records/region_4/2020/ref5196.xlsx
5198,https://waterboards.ca.gov/water_issues/programs/tmdl/records/region_4/2020/ref5198.xlsx
5199,https://waterboards.ca.gov/water_issues/programs/tmdl/records/region_4/2020/ref5199.xlsx
5201,https://waterboards.ca.gov/water_issues/programs/tmdl/records/region_4/2020/ref5201.xlsx
5204,https://waterboards.ca.gov/water_issues/programs/tmdl/records/region_4/2020/ref5204.xlsx
5205,https://waterboards.ca.gov/water_issues/programs/tmdl/records/region_4/2020/ref5205.xlsx
5206,https://waterboards.ca.gov/water_issues/programs/tmdl/records/region_4/2020/ref5206.xlsx
5210,https://waterboards.ca.gov/water_issues/programs/tmdl/records/region_4/2020/ref5210.xlsx
5211,https://waterboards.ca.gov/water_issues/programs/tmdl/records/region_4/2020/ref5211.xlsx
5212,https://waterboards.ca.gov/water_issues/programs/tmdl/records/region_4/2020/ref5212.xlsx
5217,https://waterboards.ca.gov/water_issues/programs/tmdl/records/region_4/2020/ref5217.xlsx
5219,https://waterboards.ca.gov/water_issues/programs/tmdl/records/region_4/2020/ref5219.xlsx
5220,https://waterboards.ca.gov/water_issues/programs/tmdl/records/region_4/2020/ref5220.xlsx
5222,https://waterboards.ca.gov/water_issues/programs/tmdl/records/region_4/2020/ref5222.xlsx
5225,https://waterboards.ca.gov/water_issues/programs/tmdl/records/region_4/2020/ref5225.xlsx
5227,https://waterboards.ca.gov/water_issues/programs/tmdl/records/region_4/2020/ref5227.xlsx
5228,https://waterboards.ca.gov/water_issues/programs/tmdl/records/state_board/2020/ref5228.xlsx
5229,https://waterboards.ca.gov/water_issues/programs/tmdl/records/state_board/2020/ref5229.xlsx
5231,https://waterboards.ca.gov/water_issues/programs/tmdl/records/region_4/2020/ref5231.xlsx
5232,https://waterboards.ca.gov/water_issues/programs/tmdl/records/region_4/2020/ref5232.xlsx
5233,https://waterboards.ca.gov/water_issues/programs/tmdl/records/region_4/2020/ref5233.xlsx
5235,https://waterboards.ca.gov/water_issues/programs/tmdl/records/region_4/2020/ref5235.xlsx
5236,https://waterboards.ca.gov/water_issues/programs/tmdl/records/region_4/2020/ref5236.xlsx
5237,https://waterboards.ca.gov/water_issues/programs/tmdl/records/region_4/2020/ref5237.xlsx
5238,https://waterboards.ca.gov/water_issues/programs/tmdl/records/region_4/2020/ref5238.xlsx
5239,https://waterboards.ca.gov/water_issues/programs/tmdl/records/region_4/2020/ref5239.xlsx
5240,https://waterboards.ca.gov/water_issues/programs/tmdl/records/region_4/2020/ref5240.xlsx
5241,https://waterboards.ca.gov/water_issues/programs/tmdl/records/region_4/2020/ref5241.xlsx
5242,https://waterboards.ca.gov/water_issues/programs/tmdl/records/region_4/2020/ref5242.xlsx
5243,https://waterboards.ca.gov/water_issues/programs/tmdl/records/region_4/2020/ref5243.xlsx
5244,https://waterboards.ca.gov/water_issues/programs/tmdl/records/region_4/2020/ref5244.xlsx
5245,https://waterboards.ca.gov/water_issues/programs/tmdl/records/region_4/2020/ref5245.xlsx
5246,https://waterboards.ca.gov/water_issues/programs/tmdl/records/region_4/2020/ref5246.xlsx
5247,https://waterboards.ca.gov/water_issues/programs/tmdl/records/region_4/2020/ref5247.xlsx
5248,https://waterboards.ca.gov/water_issues/programs/tmdl/records/region_4/2020/ref5248.xlsx
5249,https://waterboards.ca.gov/water_issues/programs/tmdl/records/region_4/2020/ref5249.xlsx
5257,https://waterboards.ca.gov/water_issues/programs/tmdl/records/region_5/2020/ref5257.xlsx
5258,https://waterboards.ca.gov/water_issues/programs/tmdl/records/region_5/2020/ref5258.xlsx
5265,https://waterboards.ca.gov/water_issues/programs/tmdl/records/region_5/2020/ref5265.xlsx
5268,https://waterboards.ca.gov/water_issues/programs/tmdl/records/region_5/2020/ref5268.xlsx
5270,https://waterboards.ca.gov/water_issues/programs/tmdl/records/region_5/2020/ref5270.xlsx
5273,https://waterboards.ca.gov/water_issues/programs/tmdl/records/region_5/2020/ref5273.xlsx
5274,
5278,https://waterboards.ca.gov/water_issues/programs/tmdl/records/region_5/2020/ref5278.xlsx
5279,https://waterboards.ca.gov/water_issues/programs/tmdl/records/region_5/2020/ref5279.xlsx
5280,https://waterboards.ca.gov/water_issues/programs/tmdl/records/region_5/2020/ref5280.xlsx
5283,https://waterboards.ca.gov/water_issues/programs/tmdl/records/region_5/2020/ref5283.xlsx
5286,https://waterboards.ca.gov/water_issues/programs/tmdl/records/region_5/2020/ref5286.xlsx
5300,https://waterboards.ca.gov/water_issues/programs/tmdl/records/region_5/2020/ref5300.xlsx
5301,https://waterboards.ca.gov/water_issues/programs/tmdl/records/region_5/2020/ref5301.xlsx
5303,https://waterboards.ca.gov/water_issues/programs/tmdl/records/region_5/2020/ref5303.xlsx
5366,https://waterboards.ca.gov/water_issues/programs/tmdl/records/region_5/2020/ref5366.xlsx
5369,https://waterboards.ca.gov/water_issues/programs/tmdl/records/region_5/2020/ref5369.xlsx
5376,https://waterboards.ca.gov/water_issues/programs/tmdl/records/region_5/2020/ref5376.xlsx
5379,https://waterboards.ca.gov/water_issues/programs/tmdl/records/region_5/2020/ref5379.xlsx
5390,https://waterboards.ca.gov/water_issues/programs/tmdl/records/region_5/2020/ref5390.xlsx
5391,https://waterboards.ca.gov/water_issues/programs/tmdl/records/region_5/2020/ref5391.xlsx
5393,https://waterboards.ca.gov/water_issues/programs/tmdl/records/region_5/2020/ref5393.xlsx
5394,https://waterboards.ca.gov/water_issues/programs/tmdl/records/region_5/2020/ref5394.xlsx
5395,https://waterboards.ca.gov/water_issues/programs/tmdl/records/region_5/2020/ref5395.xlsx
5398,https://waterboards.ca.gov/water_issues/programs/tmdl/records/region_5/2020/ref5398.xlsx
5399,https://waterboards.ca.gov/water_issues/programs/tmdl/records/region_5/2020/ref5399.xlsx
5400,https://waterboards.ca.gov/water_issues/programs/tmdl/records/region_5/2020/ref5400.xlsx
5403,https://waterboards.ca.gov/water_issues/programs/tmdl/records/region_5/2020/ref5403.xlsx
5412,https://waterboards.ca.gov/water_issues/programs/tmdl/records/region_5/2020/ref5412.xlsx
5413,https://waterboards.ca.gov/water_issues/programs/tmdl/records/region_5/2020/ref5413.xlsx
5414,https://waterboards.ca.gov/water_issues/programs/tmdl/records/region_5/2020/ref5414.xlsx
5419,https://waterboards.ca.gov/water_issues/programs/tmdl/records/region_8/2020/ref5419.xlsx
5420,https://waterboards.ca.gov/water_issues/programs/tmdl/records/region_8/2020/ref5420.xlsx
5423,https://waterboards.ca.gov/water_issues/programs/tmdl/records/region_8/2020/ref5423.xlsx
5424,https://waterboards.ca.gov/water_issues/programs/tmdl/records/region_8/2020/ref5424.xlsx
5425,https://waterboards.ca.gov/water_issues/programs/tmdl/records/region_8/2020/ref5425.xlsx
5426,https://waterboards.ca.gov/water_issues/programs/tmdl/records/region_8/2020/ref5426.xlsx
5428,https://waterboards.ca.gov/water_issues/programs/tmdl/records/region_8/2020/ref5428.xlsx
5429,https://waterboards.ca.gov/water_issues/programs/tmdl/records/region_8/2020/ref5429.xlsx
5430,https://waterboards.ca.gov/water_issues/programs/tmdl/records/region_8/2020/ref5430.xlsx
5431,https://waterboards.ca.gov/water_issues/programs/tmdl/records/region_8/2020/ref5431.xlsx
5433,https://waterboards.ca.gov/water_issues/programs/tmdl/records/region_8/2020/ref5433.xlsx
5434,https://waterboards.ca.gov/water_issues/programs/tmdl/records/region_8/2020/ref5434.xlsx
5435,https://waterboards.ca.gov/water_issues/programs/tmdl/records/region_8/2020/ref5435.xlsx
5436,https://waterboards.ca.gov/water_issues/programs/tmdl/records/region_8/2020/ref5436.xlsx
5437,https://waterboards.ca.gov/water_issues/programs/tmdl/records/region_8/2020/ref5437.xlsx
5439,https://waterboards.ca.gov/water_issues/programs/tmdl/records/region_8/2020/ref5439.xlsx
5440,https://waterboards.ca.gov/water_issues/programs/tmdl/records/region_8/2020/ref5440.xlsx
5441,https://waterboards.ca.gov/water_issues/programs/tmdl/records/region_8/2020/ref5441.xlsx
5444,https://waterboards.ca.gov/water_issues/programs/tmdl/records/region_8/2020/ref5444.xlsx
5445,https://waterboards.ca.gov/water_issues/programs/tmdl/records/region_8/2020/ref5445.xlsx
5447,https://waterboards.ca.gov/water_issues/programs/tmdl/records/region_8/2020/ref5447.xlsx
5449,https://waterboards.ca.gov/water_issues/programs/tmdl/records/region_8/2020/ref5449.xlsx
5450,https://waterboards.ca.gov/water_issues/programs/tmdl/records/region_8/2020/ref5450.xlsx
5451,https://waterboards.ca.gov/water_issues/programs/tmdl/records/region_8/2020/ref5451.xlsx
5452,https://waterboards.ca.gov/water_issues/programs/tmdl/records/region_8/2020/ref5452.xlsx
5454,https://waterboards.ca.gov/water_issues/programs/tmdl/records/region_8/2020/ref5454.xlsx
5455,https://waterboards.ca.gov/water_issues/programs/tmdl/records/region_8/2020/ref5455.xlsx
5456,https://waterboards.ca.gov/water_issues/programs/tmdl/records/region_8/2020/ref5456.xlsx
5457,https://waterboards.ca.gov/water_issues/programs/tmdl/records/region_8/2020/ref5457.xlsx
5458,https://waterboards.ca.gov/water_issues/programs/tmdl/records/region_8/2020/ref5458.xlsx
5459,https://waterboards.ca.gov/water_issues/programs/tmdl/records/region_8/2020/ref5459.xlsx
5460,https://waterboards.ca.gov/water_issues/programs/tmdl/records/region_8/2020/ref5460.xlsx
5461,https://waterboards.ca.gov/water_issues/programs/tmdl/records/region_8/2020/ref5461.xlsx
5462,https://waterboards.ca.gov/water_issues/programs/tmdl/records/region_8/2020/ref5462.xlsx
5463,https://waterboards.ca.gov/water_issues/programs/tmdl/records/region_8/2020/ref5463.xlsx
5464,https://waterboards.ca.gov/water_issues/programs/tmdl/records/region_8/2020/ref5464.xlsx
5465,https://waterboards.ca.gov/water_issues/programs/tmdl/records/region_8/2020/ref5465.xlsx
5467,https://waterboards.ca.gov/water_issues/programs/tmdl/records/region_8/2020/ref5467.xlsx
5601,https://waterboards.ca.gov/water_issues/programs/tmdl/records/region_4/2020/ref5601.xlsx
5621,https://waterboards.ca.gov/water_issues/programs/tmdl/records/region_5/2021/ref5621.xlsx
5786,
5791,https://waterboards.ca.gov/water_issues/programs/tmdl/records/region_5/2020/ref5791.xlsx
5792,https://waterboards.ca.gov/water_issues/programs/tmdl/records/region_4/2020/ref5792.xlsx
5793,S:DWQ/DIV/WQSA/Integrated Report/References/region_2/All R2 Files/ref5793.pdf
5794,https://waterboards.ca.gov/water_issues/programs/tmdl/records/state_board/2020/ref5794.zip
5795,https://waterboards.ca.gov/water_issues/programs/tmdl/records/state_board/2020/ref5795.xlsx
5796,S:DWQ/DIV/WQSA/Integrated Report/References/region_8/All R8 Files/ref5796.pdf
5797,S:DWQ/DIV/WQSA/Integrated Report/References/region_4/All R4 Files/ref5797.pdf
5798,https://waterboards.ca.gov/water_issues/programs/tmdl/records/region_2/2020/ref5798.xlsx
5799,S:DWQ/DIV/WQSA/Integrated Report/References/state_board/All SB Files/ref5799.pdf
5800,https://waterboards.ca.gov/water_issues/programs/tmdl/records/state_board/2020/ref5800.xlsx
5801,https://waterboards.ca.gov/water_issues/programs/tmdl/records/state_board/2020/ref5801.xlsx
5802,https://waterboards.ca.gov/water_issues/programs/tmdl/records/state_board/2020/ref5802.xlsx
5803,https://waterboards.ca.gov/water_issues/programs/tmdl/records/state_board/2020/ref5803.xlsx
5807,https://waterboards.ca.gov/water_issues/programs/tmdl/records/state_board/2020/ref5807.xlsx
5808,https://waterboards.ca.gov/water_issues/programs/tmdl/records/state_board/2020/ref5808.xlsx
5815,https://waterboards.ca.gov/water_issues/programs/tmdl/records/region_8/2020/ref5815.xlsx
5820,S:DWQ/DIV/WQSA/Integrated Report/References/state_board/All SB Files/ref5820.zip
5821,S:DWQ/DIV/WQSA/Integrated Report/References/state_board/All SB Files/ref5821.pdf
5824,
5825,https://waterboards.ca.gov/water_issues/programs/tmdl/records/region_1/2022/ref5825.xlsx
5827,https://waterboards.ca.gov/water_issues/programs/tmdl/records/region_1/2022/ref5827.xlsx
5831,https://waterboards.ca.gov/water_issues/programs/tmdl/records/region_1/2022/ref5831.xlsx
5833,https://waterboards.ca.gov/water_issues/programs/tmdl/records/region_1/2022/ref5833.xlsx
5836,https://waterboards.ca.gov/water_issues/programs/tmdl/records/region_1/2022/ref5836.xlsx
5838,https://waterboards.ca.gov/water_issues/programs/tmdl/records/region_1/2022/ref5838.xlsx
5840,https://waterboards.ca.gov/water_issues/programs/tmdl/records/region_1/2022/ref5840.xlsx
5841,https://waterboards.ca.gov/water_issues/programs/tmdl/records/region_1/2022/ref5841.xlsx
5842,https://waterboards.ca.gov/water_issues/programs/tmdl/records/region_1/2022/ref5842.xlsx
5843,https://waterboards.ca.gov/water_issues/programs/tmdl/records/region_1/2022/ref5843.xlsx
5844,https://waterboards.ca.gov/water_issues/programs/tmdl/records/region_1/2022/ref5844.xlsx
5845,https://waterboards.ca.gov/water_issues/programs/tmdl/records/region_1/2022/ref5845.xlsx
5846,https://waterboards.ca.gov/water_issues/programs/tmdl/records/region_1/2022/ref5846.xlsx
5847,https://waterboards.ca.gov/water_issues/programs/tmdl/records/region_1/2022/ref5847.xlsx
5848,https://waterboards.ca.gov/water_issues/programs/tmdl/records/region_1/2022/ref5848.xlsx
5851,https://waterboards.ca.gov/water_issues/programs/tmdl/records/region_1/2022/ref5851.xlsx
5852,https://waterboards.ca.gov/water_issues/programs/tmdl/records/region_1/2022/ref5852.xlsx
5853,https://waterboards.ca.gov/water_issues/programs/tmdl/records/region_1/2022/ref5853.xlsx
5855,https://waterboards.ca.gov/water_issues/programs/tmdl/records/region_1/2022/ref5855.xlsx
5859,https://waterboards.ca.gov/water_issues/programs/tmdl/records/region_1/2022/ref5859.xlsx
5860,https://waterboards.ca.gov/water_issues/programs/tmdl/records/region_1/2022/ref5860.xlsx
5862,https://waterboards.ca.gov/water_issues/programs/tmdl/records/region_1/2022/ref5862.xlsx
5864,https://waterboards.ca.gov/water_issues/programs/tmdl/records/region_1/2022/ref5864.xlsx
5865,https://waterboards.ca.gov/water_issues/programs/tmdl/records/region_1/2022/ref5865.xlsx
5866,https://waterboards.ca.gov/water_issues/programs/tmdl/records/region_1/2022/ref5866.xlsx
5867,https://waterboards.ca.gov/water_issues/programs/tmdl/records/region_1/2022/ref5867.xlsx
5868,https://waterboards.ca.gov/water_issues/programs/tmdl/records/region_1/2022/ref5868.xlsx
5869,https://waterboards.ca.gov/water_issues/programs/tmdl/records/region_1/2022/ref5869.xlsx
5870,https://waterboards.ca.gov/water_issues/programs/tmdl/records/region_1/2022/ref5870.xlsx
5871,https://waterboards.ca.gov/water_issues/programs/tmdl/records/region_1/2022/ref5871.xlsx
5873,https://waterboards.ca.gov/water_issues/programs/tmdl/records/region_1/2022/ref5873.xlsx
5875,https://waterboards.ca.gov/water_issues/programs/tmdl/records/region_1/2022/ref5875.xlsx
5880,https://waterboards.ca.gov/water_issues/programs/tmdl/records/region_1/2022/ref5880.xlsx
5882,https://waterboards.ca.gov/water_issues/programs/tmdl/records/region_1/2022/ref5882.xlsx
5885,https://waterboards.ca.gov/water_issues/programs/tmdl/records/region_1/2022/ref5885.xlsx
5886,https://waterboards.ca.gov/water_issues/programs/tmdl/records/region_1/2022/ref5886.xlsx
5887,https://waterboards.ca.gov/water_issues/programs/tmdl/records/region_1/2022/ref5887.xlsx
5888,https://waterboards.ca.gov/water_issues/programs/tmdl/records/region_1/2022/ref5888.xlsx
5889,https://waterboards.ca.gov/water_issues/programs/tmdl/records/region_1/2022/ref5889.xlsx
5890,https://waterboards.ca.gov/water_issues/programs/tmdl/records/region_1/2022/ref5890.xlsx
5891,https://waterboards.ca.gov/water_issues/programs/tmdl/records/region_1/2022/ref5891.xlsx
5893,https://waterboards.ca.gov/water_issues/programs/tmdl/records/region_1/2022/ref5893.xlsx
5897,https://waterboards.ca.gov/water_issues/programs/tmdl/records/region_1/2022/ref5897.xlsx
6192,https://waterboards.ca.gov/water_issues/programs/tmdl/records/region_5/2022/ref6192.xlsx
6198,https://waterboards.ca.gov/water_issues/programs/tmdl/records/region_5/2022/ref6198.xlsx
6204,https://waterboards.ca.gov/water_issues/programs/tmdl/records/region_5/2022/ref6204.xlsx
6205,https://waterboards.ca.gov/water_issues/programs/tmdl/records/region_5/2022/ref6205.xlsx
6206,https://waterboards.ca.gov/water_issues/programs/tmdl/records/region_5/2022/ref6206.xlsx
6210,https://waterboards.ca.gov/water_issues/programs/tmdl/records/region_5/2022/ref6210.xlsx
6224,https://waterboards.ca.gov/water_issues/programs/tmdl/records/region_5/2022/ref6224.xlsx
6227,https://waterboards.ca.gov/water_issues/programs/tmdl/records/region_5/2022/ref6227.xlsx
6234,https://waterboards.ca.gov/water_issues/programs/tmdl/records/region_5/2022/ref6234.xlsx
6235,https://waterboards.ca.gov/water_issues/programs/tmdl/records/region_5/2022/ref6235.xlsx
6236,https://waterboards.ca.gov/water_issues/programs/tmdl/records/region_5/2022/ref6236.xlsx
6238,https://waterboards.ca.gov/water_issues/programs/tmdl/records/region_5/2022/ref6238.xlsx
6241,https://waterboards.ca.gov/water_issues/programs/tmdl/records/region_5/2022/ref6241.xlsx
6244,https://waterboards.ca.gov/water_issues/programs/tmdl/records/region_5/2022/ref6244.xlsx
6247,https://waterboards.ca.gov/water_issues/programs/tmdl/records/region_5/2022/ref6247.xlsx
6248,https://waterboards.ca.gov/water_issues/programs/tmdl/records/region_5/2022/ref6248.xlsx
6252,https://waterboards.ca.gov/water_issues/programs/tmdl/records/region_5/2022/ref6252.xlsx
6257,https://waterboards.ca.gov/water_issues/programs/tmdl/records/region_5/2022/ref6257.xlsx
6259,https://waterboards.ca.gov/water_issues/programs/tmdl/records/region_5/2022/ref6259.xlsx
6277,https://waterboards.ca.gov/water_issues/programs/tmdl/records/region_5/2022/ref6277.xlsx
6278,https://waterboards.ca.gov/water_issues/programs/tmdl/records/region_5/2022/ref6278.xlsx
6285,https://waterboards.ca.gov/water_issues/programs/tmdl/records/region_5/2022/ref6285.xlsx
6287,https://waterboards.ca.gov/water_issues/programs/tmdl/records/region_5/2022/ref6287.xlsx
6288,https://waterboards.ca.gov/water_issues/programs/tmdl/records/region_5/2022/ref6288.xlsx
6289,https://waterboards.ca.gov/water_issues/programs/tmdl/records/region_5/2022/ref6289.xlsx
6292,https://waterboards.ca.gov/water_issues/programs/tmdl/records/region_5/2022/ref6292.xlsx
6294,https://waterboards.ca.gov/water_issues/programs/tmdl/records/region_5/2022/ref6294.xlsx
6296,https://waterboards.ca.gov/water_issues/programs/tmdl/records/region_5/2022/ref6296.xlsx
6299,https://waterboards.ca.gov/water_issues/programs/tmdl/records/region_5/2022/ref6299.xlsx
6300,https://waterboards.ca.gov/water_issues/programs/tmdl/records/region_5/2022/ref6300.xlsx
6301,https://waterboards.ca.gov/water_issues/programs/tmdl/records/region_6/2022/ref6301.xlsx
6305,https://waterboards.ca.gov/water_issues/programs/tmdl/records/region_6/2022/ref6305.xlsx
6308,https://waterboards.ca.gov/water_issues/programs/tmdl/records/region_6/2022/ref6308.xlsx
6310,https://waterboards.ca.gov/water_issues/programs/tmdl/records/region_6/2022/ref6310.xlsx
6311,https://waterboards.ca.gov/water_issues/programs/tmdl/records/region_6/2022/ref6311.xlsx
6313,https://waterboards.ca.gov/water_issues/programs/tmdl/records/region_6/2022/ref6313.xlsx
6314,https://waterboards.ca.gov/water_issues/programs/tmdl/records/region_6/2022/ref6314.xlsx
6315,https://waterboards.ca.gov/water_issues/programs/tmdl/records/region_6/2022/ref6315.xlsx
6320,https://waterboards.ca.gov/water_issues/programs/tmdl/records/region_6/2022/ref6320.xlsx
6322,https://waterboards.ca.gov/water_issues/programs/tmdl/records/region_6/2022/ref6322.xlsx
6323,https://waterboards.ca.gov/water_issues/programs/tmdl/records/region_6/2022/ref6323.xlsx
6324,https://waterboards.ca.gov/water_issues/programs/tmdl/records/region_6/2022/ref6324.xlsx
6326,https://waterboards.ca.gov/water_issues/programs/tmdl/records/region_6/2022/ref6326.xlsx
6327,https://waterboards.ca.gov/water_issues/programs/tmdl/records/region_6/2022/ref6327.xlsx
6330,https://waterboards.ca.gov/water_issues/programs/tmdl/records/region_6/2022/ref6330.xlsx
6331,https://waterboards.ca.gov/water_issues/programs/tmdl/records/region_6/2022/ref6331.xlsx
6332,https://waterboards.ca.gov/water_issues/programs/tmdl/records/region_6/2022/ref6332.xlsx
6333,https://waterboards.ca.gov/water_issues/programs/tmdl/records/region_6/2022/ref6333.xlsx
6334,https://waterboards.ca.gov/water_issues/programs/tmdl/records/region_6/2022/ref6334.xlsx
6335,https://waterboards.ca.gov/water_issues/programs/tmdl/records/region_6/2022/ref6335.xlsx
6337,https://waterboards.ca.gov/water_issues/programs/tmdl/records/region_6/2022/ref6337.xlsx
6338,https://waterboards.ca.gov/water_issues/programs/tmdl/records/region_6/2022/ref6338.xlsx
6339,https://waterboards.ca.gov/water_issues/programs/tmdl/records/region_6/2022/ref6339.xlsx
6341,https://waterboards.ca.gov/water_issues/programs/tmdl/records/region_6/2022/ref6341.xlsx
6342,https://waterboards.ca.gov/water_issues/programs/tmdl/records/region_6/2022/ref6342.xlsx
6343,https://waterboards.ca.gov/water_issues/programs/tmdl/records/region_6/2022/ref6343.xlsx
6344,https://waterboards.ca.gov/water_issues/programs/tmdl/records/region_6/2022/ref6344.xlsx
6346,https://waterboards.ca.gov/water_issues/programs/tmdl/records/region_6/2022/ref6346.xlsx
6347,https://waterboards.ca.gov/water_issues/programs/tmdl/records/region_6/2022/ref6347.xlsx
6357,https://waterboards.ca.gov/water_issues/programs/tmdl/records/region_7/2022/ref6357.xlsx
6359,https://waterboards.ca.gov/water_issues/programs/tmdl/records/region_7/2022/ref6359.xlsx
6365,https://waterboards.ca.gov/water_issues/programs/tmdl/records/region_7/2022/ref6365.xlsx
6369,https://waterboards.ca.gov/water_issues/programs/tmdl/records/region_7/2022/ref6369.xlsx
6370,https://waterboards.ca.gov/water_issues/programs/tmdl/records/region_7/2022/ref6370.xlsx
6372,https://waterboards.ca.gov/water_issues/programs/tmdl/records/region_7/2022/ref6372.xlsx
6373,https://waterboards.ca.gov/water_issues/programs/tmdl/records/region_7/2022/ref6373.xlsx
6377,https://waterboards.ca.gov/water_issues/programs/tmdl/records/region_7/2022/ref6377.xlsx
6378,https://waterboards.ca.gov/water_issues/programs/tmdl/records/region_7/2022/ref6378.xlsx
6379,https://waterboards.ca.gov/water_issues/programs/tmdl/records/region_7/2022/ref6379.xlsx
6380,https://waterboards.ca.gov/water_issues/programs/tmdl/records/region_7/2022/ref6380.xlsx
6381,https://waterboards.ca.gov/water_issues/programs/tmdl/records/region_7/2022/ref6381.xlsx
6382,https://waterboards.ca.gov/water_issues/programs/tmdl/records/region_7/2022/ref6382.xlsx
6475,https://waterboards.ca.gov/water_issues/programs/tmdl/records/region_9/2022/ref6475.xlsx
6541,https://waterboards.ca.gov/water_issues/programs/tmdl/records/state_board/2023/ref6541.pdf
6566,
6572,
6573,
6574,
6575,
6576,
6577,
6578,
6624,
6627,
6628,S:DWQ/DIV/WQSA/Integrated Report/References/state_board/All SB Files/ref6628.csv
6631,
6632,
6633,
6634,
6635,
6636,
6637,
6638,
6639,
6640,
6641,
6773,
6775,
6780,
6784,
6785,
6786,
6787,
6788,
6790,
6793,
6794,
6795,
6797,
6798,
6799,
6800,
6801,
6802,
6805,
6806,
6809,
6811,
6812,
6813,
6815,
6816,
6817,
6818,
6819,
6820,
6821,
6823,
6824,
6825,
6826,
6828,
6829,
6831,
6832,
6833,
6834,
6835,
6836,
6837,
6838,
6839,
6840,
6842,
6844,
6891,
7005,
7006,
7008,
7012,
7017,
7026,
7030,
7031,
7032,
7039,
7043,
7044,
7045,
7047,
7049,
7054,
7060,
7061,
7062,
7063,
7065,
7066,
7067,
7068,
7069,
7071,
7072,
7073,
7077,
7084,
7085,
7086,
7087,
7088,
7089,
7090,
7092,
7095,
7097,
7099,
7100,
7101,
7102,
7104,
7105,
7107,
7108,
7109,
7113,
7114,
7213,
7228,
7229,
7238,
7244,
7246,
7247,
7248,
7249,
7251,
7252,
7253,
7254,
7255,
7259,
7260,
7261,
7265,
7266,
7268,
7269,
7271,
7272,
7275,
7276,
7277,
7278,
7279,
7280,
7281,
7282,
7283,
7290,
7291,
7293,
7294,
7298,
7300,
7301,
7302,
7303,
7304,
7306,
7307,
7308,
7310,
7312,
7313,
7317,
7319,
7320,
7321,
7322,
7323,
7324,
7326,
7327,
7328,
7329,
7330,
7332,
7333,
7334,
7335,
7338,
7342,
7360,
7374,
7375,
7376,
7377,
7387,
7398,
7498,
7499,
7500,
7512,
7513,
7531,
7532,
7533,
